Workbook

Sheet 2026-07-04
P1: RTSII | Q1: RTGII | R1: RTPDM2 | S1: RCC2 | T1: RTKL | U1: SCK2 | V1: SAB2 | W1: SAP2 | X1: SKJ2 | Y1: SSM2 | Z1: RKU2 | AA1: RJKU II | AB1: RMS II | AC1: ZSCCK | AD1: ZSCM | AE1: ZSCS | AF1: RJTS500 | AG1: RJMS500 | AH1: SCB | AI1: ZSCST | AJ1: SGK | AK1: DOT | AL1: ICK GT II | AM1: ICC II GT | AN1: ISC GT | AO1: IST GT | AP1: IBL GT | AQ1: ICO GT | AR1: IGC | AS1: SRC III | AT1: SCC III | AU1: SRM III | AV1: ZCRCC | AW1: ZCRCR | AX1: ZCRCB | AY1: SRS | AZ1: ZCRGC | BA1: DIC | BB1: DCP | BC1: DHF | BD1: DST | BE1: DPS | BF1: DNS | BG1: RKJ2 | BH1: RSM2 | BI1: RKS2 | BJ1: TOCII5S | BK1: TCCII5S | BL1: TCSII5S | BM1: TSTII5S | BN1: TCBII5S | BO1: KKM | BP1: RMNC | BQ1: RMNS | BR1: TDOC 72 | BS1: TDCC 72 | BT1: TDCS 72 | BU1: BURII | BV1: CCC | BW1: CCP | BX1: CCMS | BY1: STCB | BZ1: BMO | CA1: WFO | CB1: STCDC | CC1: MNC | CD1: BKOR
A2: No | B2: Tanggal | C2: Salesman Code | D2: Salesman Name | E2: Store | F2: Store Type | G2: Classification | H2: Sales Type | I2: Remarks | J2: Disc % | K2: CBP | L2: RBP | M2: RBP Net | N2: Qty | O2: # Items | P2: 15000 | Q2: 22000 | R2: 19000 | S2: 19500 | T2: 13500 | U2: 6000 | V2: 6000 | W2: 6000 | X2: 6000 | Y2: 6000 | Z2: 18000 | AA2: 21000 | AB2: 14500 | AC2: 5000 | AD2: 5000 | AE2: 5000 | AF2: 18000 | AG2: 18000 | AH2: 6000 | AI2: 5000 | AJ2: 6000 | AK2: 19500 | AL2: 4500 | AM2: 4500 | AN2: 4500 | AO2: 4500 | AP2: 4500 | AQ2: 4500 | AR2: 6000 | AS2: 5500 | AT2: 5500 | AU2: 5500 | AV2: 5500 | AW2: 5500 | AX2: 5500 | AY2: 5500 | AZ2: 6000 | BA2: 6500 | BB2: 6500 | BC2: 6000 | BD2: 6500 | BE2: 6500 | BF2: 6500 | BG2: 15000 | BH2: 11500 | BI2: 12000 | BJ2: 18000 | BK2: 18000 | BL2: 18000 | BM2: 19000 | BN2: 19000 | BO2: 12500 | BP2: 8000 | BQ2: 8000 | BR2: 9000 | BS2: 9000 | BT2: 9000 | BU2: 11000 | BV2: 5000 | BW2: 5000 | BX2: 5000 | BY2: 10000 | BZ2: 5000 | CA2: 5000 | CB2: 7000 | CC2: 6000 | CD2: 11000
A3: 1 | B3: 2026-07-04 | C3: 71306761 | D3: SMTR-01 | E3: (1881578329)AGIL TOKO | F3: WARUNG NOO | G3: WARUNG NOO | H3: Consignment | J3: 10 | K3: =(P2*P3)+(Q2*Q3)+(R2*R3)+(S2*S3)+(T2*T3)+(U2*U3)+(V2*V3)+(W2*W3)+(X2*X3)+(Y2*Y3)+(Z2*Z3)+(AA2*AA3)+(AB2*AB3)+(AC2*AC3)+(AD2*AD3)+(AE2*AE3)+(AF2*AF3)+(AG2*AG3)+(AH2*AH3)+(AI2*AI3)+(AJ2*AJ3)+(AK2*AK3)+(AL2*AL3)+(AM2*AM3)+(AN2*AN3)+(AO2*AO3)+(AP2*AP3)+(AQ2*AQ3)+(AR2*AR3)+(AS2*AS3)+(AT2*AT3)+(AU2*AU3)+(AV2*AV3)+(AW2*AW3)+(AX2*AX3)+(AY2*AY3)+(AZ2*AZ3)+(BA2*BA3)+(BB2*BB3)+(BC2*BC3)+(BD2*BD3)+(BE2*BE3)+(BF2*BF3)+(BG2*BG3)+(BH2*BH3)+(BI2*BI3)+(BJ2*BJ3)+(BK2*BK3)+(BL2*BL3)+(BM2*BM3)+(BN2*BN3)+(BO2*BO3)+(BP2*BP3)+(BQ2*BQ3)+(BR2*BR3)+(BS2*BS3)+(BT2*BT3)+(BU2*BU3)+(BV2*BV3)+(BW2*BW3)+(BX2*BX3)+(BY2*BY3)+(BZ2*BZ3)+(CA2*CA3)+(CB2*CB3)+(CC2*CC3)+(CD2*CD3) | L3: =K3-(K3*J3/100) | M3: =ROUND(L3/1.11, 2) | N3: =SUM(P3:CD3) | O3: =COUNTIF(P3:CD3,">0") | P3: 0 | Q3: 0 | R3: 0 | S3: 0 | T3: 0 | U3: 0 | V3: 0 | W3: 0 | X3: 0 | Y3: 0 | Z3: 0 | AA3: 0 | AB3: 0 | AC3: 0 | AD3: 0 | AE3: 0 | AF3: 0 | AG3: 0 | AH3: 0 | AI3: 0 | AJ3: 0 | AK3: 0 | AL3: 0 | AM3: 0 | AN3: 0 | AO3: 0 | AP3: 0 | AQ3: 0 | AR3: 0 | AS3: 0 | AT3: 0 | AU3: 0 | AV3: 0 | AW3: 0 | AX3: 0 | AY3: 0 | AZ3: 0 | BA3: 0 | BB3: 0 | BC3: 0 | BD3: 0 | BE3: 0 | BF3: 0 | BG3: 0 | BH3: 0 | BI3: 0 | BJ3: 0 | BK3: 0 | BL3: 0 | BM3: 0 | BN3: 0 | BO3: 0 | BP3: 0 | BQ3: 0 | BR3: 0 | BS3: 0 | BT3: 0 | BU3: 0 | BV3: 0 | BW3: 0 | BX3: 0 | BY3: 0 | BZ3: 0 | CA3: 0 | CB3: 0 | CC3: 0 | CD3: 0
A4: 2 | B4: 2026-07-04 | C4: 71306761 | D4: SMTR-01 | E4: (1881578393)AULIA TOKO | F4: WARUNG NOO | G4: WARUNG NOO | H4: Consignment | J4: 10 | K4: =(P2*P4)+(Q2*Q4)+(R2*R4)+(S2*S4)+(T2*T4)+(U2*U4)+(V2*V4)+(W2*W4)+(X2*X4)+(Y2*Y4)+(Z2*Z4)+(AA2*AA4)+(AB2*AB4)+(AC2*AC4)+(AD2*AD4)+(AE2*AE4)+(AF2*AF4)+(AG2*AG4)+(AH2*AH4)+(AI2*AI4)+(AJ2*AJ4)+(AK2*AK4)+(AL2*AL4)+(AM2*AM4)+(AN2*AN4)+(AO2*AO4)+(AP2*AP4)+(AQ2*AQ4)+(AR2*AR4)+(AS2*AS4)+(AT2*AT4)+(AU2*AU4)+(AV2*AV4)+(AW2*AW4)+(AX2*AX4)+(AY2*AY4)+(AZ2*AZ4)+(BA2*BA4)+(BB2*BB4)+(BC2*BC4)+(BD2*BD4)+(BE2*BE4)+(BF2*BF4)+(BG2*BG4)+(BH2*BH4)+(BI2*BI4)+(BJ2*BJ4)+(BK2*BK4)+(BL2*BL4)+(BM2*BM4)+(BN2*BN4)+(BO2*BO4)+(BP2*BP4)+(BQ2*BQ4)+(BR2*BR4)+(BS2*BS4)+(BT2*BT4)+(BU2*BU4)+(BV2*BV4)+(BW2*BW4)+(BX2*BX4)+(BY2*BY4)+(BZ2*BZ4)+(CA2*CA4)+(CB2*CB4)+(CC2*CC4)+(CD2*CD4) | L4: =K4-(K4*J4/100) | M4: =ROUND(L4/1.11, 2) | N4: =SUM(P4:CD4) | O4: =COUNTIF(P4:CD4,">0") | P4: 0 | Q4: 0 | R4: 0 | S4: 0 | T4: 0 | U4: 0 | V4: 0 | W4: 0 | X4: 0 | Y4: 0 | Z4: 0 | AA4: 0 | AB4: 0 | AC4: 0 | AD4: 0 | AE4: 0 | AF4: 0 | AG4: 0 | AH4: 0 | AI4: 0 | AJ4: 0 | AK4: 0 | AL4: 0 | AM4: 0 | AN4: 0 | AO4: 0 | AP4: 0 | AQ4: 0 | AR4: 0 | AS4: 0 | AT4: 0 | AU4: 0 | AV4: 0 | AW4: 0 | AX4: 0 | AY4: 0 | AZ4: 0 | BA4: 0 | BB4: 0 | BC4: 0 | BD4: 0 | BE4: 0 | BF4: 0 | BG4: 0 | BH4: 0 | BI4: 0 | BJ4: 0 | BK4: 0 | BL4: 0 | BM4: 0 | BN4: 0 | BO4: 0 | BP4: 0 | BQ4: 0 | BR4: 0 | BS4: 0 | BT4: 0 | BU4: 0 | BV4: 0 | BW4: 0 | BX4: 0 | BY4: 0 | BZ4: 0 | CA4: 0 | CB4: 0 | CC4: 0 | CD4: 0
A5: 3 | B5: 2026-07-04 | C5: 71306761 | D5: SMTR-01 | E5: (1881578394)SRI WAHYUNI TOKO | F5: WARUNG NOO | G5: WARUNG NOO | H5: Consignment | J5: 10 | K5: =(P2*P5)+(Q2*Q5)+(R2*R5)+(S2*S5)+(T2*T5)+(U2*U5)+(V2*V5)+(W2*W5)+(X2*X5)+(Y2*Y5)+(Z2*Z5)+(AA2*AA5)+(AB2*AB5)+(AC2*AC5)+(AD2*AD5)+(AE2*AE5)+(AF2*AF5)+(AG2*AG5)+(AH2*AH5)+(AI2*AI5)+(AJ2*AJ5)+(AK2*AK5)+(AL2*AL5)+(AM2*AM5)+(AN2*AN5)+(AO2*AO5)+(AP2*AP5)+(AQ2*AQ5)+(AR2*AR5)+(AS2*AS5)+(AT2*AT5)+(AU2*AU5)+(AV2*AV5)+(AW2*AW5)+(AX2*AX5)+(AY2*AY5)+(AZ2*AZ5)+(BA2*BA5)+(BB2*BB5)+(BC2*BC5)+(BD2*BD5)+(BE2*BE5)+(BF2*BF5)+(BG2*BG5)+(BH2*BH5)+(BI2*BI5)+(BJ2*BJ5)+(BK2*BK5)+(BL2*BL5)+(BM2*BM5)+(BN2*BN5)+(BO2*BO5)+(BP2*BP5)+(BQ2*BQ5)+(BR2*BR5)+(BS2*BS5)+(BT2*BT5)+(BU2*BU5)+(BV2*BV5)+(BW2*BW5)+(BX2*BX5)+(BY2*BY5)+(BZ2*BZ5)+(CA2*CA5)+(CB2*CB5)+(CC2*CC5)+(CD2*CD5) | L5: =K5-(K5*J5/100) | M5: =ROUND(L5/1.11, 2) | N5: =SUM(P5:CD5) | O5: =COUNTIF(P5:CD5,">0") | P5: 0 | Q5: 0 | R5: 0 | S5: 0 | T5: 0 | U5: 0 | V5: 0 | W5: 0 | X5: 0 | Y5: 0 | Z5: 0 | AA5: 0 | AB5: 0 | AC5: 0 | AD5: 0 | AE5: 0 | AF5: 0 | AG5: 0 | AH5: 0 | AI5: 0 | AJ5: 0 | AK5: 0 | AL5: 0 | AM5: 0 | AN5: 0 | AO5: 0 | AP5: 0 | AQ5: 0 | AR5: 0 | AS5: 0 | AT5: 0 | AU5: 0 | AV5: 0 | AW5: 0 | AX5: 0 | AY5: 0 | AZ5: 0 | BA5: 0 | BB5: 0 | BC5: 0 | BD5: 0 | BE5: 0 | BF5: 0 | BG5: 0 | BH5: 0 | BI5: 0 | BJ5: 0 | BK5: 0 | BL5: 0 | BM5: 0 | BN5: 0 | BO5: 0 | BP5: 0 | BQ5: 0 | BR5: 0 | BS5: 0 | BT5: 0 | BU5: 0 | BV5: 0 | BW5: 0 | BX5: 0 | BY5: 0 | BZ5: 0 | CA5: 0 | CB5: 0 | CC5: 0 | CD5: 0
A6: 4 | B6: 2026-07-04 | C6: 71306761 | D6: SMTR-01 | E6: (1881578396)S MART | F6: MTI NOO | G6: MTI NOO | H6: Consignment | J6: 10 | K6: =(P2*P6)+(Q2*Q6)+(R2*R6)+(S2*S6)+(T2*T6)+(U2*U6)+(V2*V6)+(W2*W6)+(X2*X6)+(Y2*Y6)+(Z2*Z6)+(AA2*AA6)+(AB2*AB6)+(AC2*AC6)+(AD2*AD6)+(AE2*AE6)+(AF2*AF6)+(AG2*AG6)+(AH2*AH6)+(AI2*AI6)+(AJ2*AJ6)+(AK2*AK6)+(AL2*AL6)+(AM2*AM6)+(AN2*AN6)+(AO2*AO6)+(AP2*AP6)+(AQ2*AQ6)+(AR2*AR6)+(AS2*AS6)+(AT2*AT6)+(AU2*AU6)+(AV2*AV6)+(AW2*AW6)+(AX2*AX6)+(AY2*AY6)+(AZ2*AZ6)+(BA2*BA6)+(BB2*BB6)+(BC2*BC6)+(BD2*BD6)+(BE2*BE6)+(BF2*BF6)+(BG2*BG6)+(BH2*BH6)+(BI2*BI6)+(BJ2*BJ6)+(BK2*BK6)+(BL2*BL6)+(BM2*BM6)+(BN2*BN6)+(BO2*BO6)+(BP2*BP6)+(BQ2*BQ6)+(BR2*BR6)+(BS2*BS6)+(BT2*BT6)+(BU2*BU6)+(BV2*BV6)+(BW2*BW6)+(BX2*BX6)+(BY2*BY6)+(BZ2*BZ6)+(CA2*CA6)+(CB2*CB6)+(CC2*CC6)+(CD2*CD6) | L6: =K6-(K6*J6/100) | M6: =ROUND(L6/1.11, 2) | N6: =SUM(P6:CD6) | O6: =COUNTIF(P6:CD6,">0") | P6: 0 | Q6: 0 | R6: 0 | S6: 0 | T6: 0 | U6: 0 | V6: 0 | W6: 0 | X6: 0 | Y6: 0 | Z6: 0 | AA6: 0 | AB6: 0 | AC6: 0 | AD6: 0 | AE6: 0 | AF6: 0 | AG6: 0 | AH6: 0 | AI6: 0 | AJ6: 0 | AK6: 0 | AL6: 0 | AM6: 0 | AN6: 0 | AO6: 0 | AP6: 0 | AQ6: 0 | AR6: 0 | AS6: 0 | AT6: 0 | AU6: 0 | AV6: 0 | AW6: 0 | AX6: 0 | AY6: 0 | AZ6: 0 | BA6: 0 | BB6: 0 | BC6: 0 | BD6: 0 | BE6: 0 | BF6: 0 | BG6: 0 | BH6: 0 | BI6: 0 | BJ6: 0 | BK6: 0 | BL6: 0 | BM6: 0 | BN6: 0 | BO6: 0 | BP6: 0 | BQ6: 0 | BR6: 0 | BS6: 0 | BT6: 0 | BU6: 0 | BV6: 0 | BW6: 0 | BX6: 0 | BY6: 0 | BZ6: 0 | CA6: 0 | CB6: 0 | CC6: 0 | CD6: 0
A7: 5 | B7: 2026-07-04 | C7: 71306761 | D7: SMTR-01 | E7: (1881578398)UCOK ALI TOKO | F7: WARUNG NOO | G7: WARUNG NOO | H7: Consignment | J7: 10 | K7: =(P2*P7)+(Q2*Q7)+(R2*R7)+(S2*S7)+(T2*T7)+(U2*U7)+(V2*V7)+(W2*W7)+(X2*X7)+(Y2*Y7)+(Z2*Z7)+(AA2*AA7)+(AB2*AB7)+(AC2*AC7)+(AD2*AD7)+(AE2*AE7)+(AF2*AF7)+(AG2*AG7)+(AH2*AH7)+(AI2*AI7)+(AJ2*AJ7)+(AK2*AK7)+(AL2*AL7)+(AM2*AM7)+(AN2*AN7)+(AO2*AO7)+(AP2*AP7)+(AQ2*AQ7)+(AR2*AR7)+(AS2*AS7)+(AT2*AT7)+(AU2*AU7)+(AV2*AV7)+(AW2*AW7)+(AX2*AX7)+(AY2*AY7)+(AZ2*AZ7)+(BA2*BA7)+(BB2*BB7)+(BC2*BC7)+(BD2*BD7)+(BE2*BE7)+(BF2*BF7)+(BG2*BG7)+(BH2*BH7)+(BI2*BI7)+(BJ2*BJ7)+(BK2*BK7)+(BL2*BL7)+(BM2*BM7)+(BN2*BN7)+(BO2*BO7)+(BP2*BP7)+(BQ2*BQ7)+(BR2*BR7)+(BS2*BS7)+(BT2*BT7)+(BU2*BU7)+(BV2*BV7)+(BW2*BW7)+(BX2*BX7)+(BY2*BY7)+(BZ2*BZ7)+(CA2*CA7)+(CB2*CB7)+(CC2*CC7)+(CD2*CD7) | L7: =K7-(K7*J7/100) | M7: =ROUND(L7/1.11, 2) | N7: =SUM(P7:CD7) | O7: =COUNTIF(P7:CD7,">0") | P7: 0 | Q7: 0 | R7: 0 | S7: 0 | T7: 0 | U7: 0 | V7: 0 | W7: 0 | X7: 0 | Y7: 0 | Z7: 0 | AA7: 0 | AB7: 0 | AC7: 0 | AD7: 0 | AE7: 0 | AF7: 0 | AG7: 0 | AH7: 0 | AI7: 0 | AJ7: 0 | AK7: 0 | AL7: 0 | AM7: 0 | AN7: 0 | AO7: 0 | AP7: 0 | AQ7: 0 | AR7: 0 | AS7: 0 | AT7: 0 | AU7: 0 | AV7: 0 | AW7: 0 | AX7: 0 | AY7: 0 | AZ7: 0 | BA7: 0 | BB7: 0 | BC7: 0 | BD7: 0 | BE7: 0 | BF7: 0 | BG7: 0 | BH7: 0 | BI7: 0 | BJ7: 0 | BK7: 0 | BL7: 0 | BM7: 0 | BN7: 0 | BO7: 0 | BP7: 0 | BQ7: 0 | BR7: 0 | BS7: 0 | BT7: 0 | BU7: 0 | BV7: 0 | BW7: 0 | BX7: 0 | BY7: 0 | BZ7: 0 | CA7: 0 | CB7: 0 | CC7: 0 | CD7: 0
A8: 6 | B8: 2026-07-04 | C8: 71306761 | D8: SMTR-01 | E8: (1881578399)ARHAM TOKO | F8: WARUNG NOO | G8: WARUNG NOO | H8: Consignment | J8: 10 | K8: =(P2*P8)+(Q2*Q8)+(R2*R8)+(S2*S8)+(T2*T8)+(U2*U8)+(V2*V8)+(W2*W8)+(X2*X8)+(Y2*Y8)+(Z2*Z8)+(AA2*AA8)+(AB2*AB8)+(AC2*AC8)+(AD2*AD8)+(AE2*AE8)+(AF2*AF8)+(AG2*AG8)+(AH2*AH8)+(AI2*AI8)+(AJ2*AJ8)+(AK2*AK8)+(AL2*AL8)+(AM2*AM8)+(AN2*AN8)+(AO2*AO8)+(AP2*AP8)+(AQ2*AQ8)+(AR2*AR8)+(AS2*AS8)+(AT2*AT8)+(AU2*AU8)+(AV2*AV8)+(AW2*AW8)+(AX2*AX8)+(AY2*AY8)+(AZ2*AZ8)+(BA2*BA8)+(BB2*BB8)+(BC2*BC8)+(BD2*BD8)+(BE2*BE8)+(BF2*BF8)+(BG2*BG8)+(BH2*BH8)+(BI2*BI8)+(BJ2*BJ8)+(BK2*BK8)+(BL2*BL8)+(BM2*BM8)+(BN2*BN8)+(BO2*BO8)+(BP2*BP8)+(BQ2*BQ8)+(BR2*BR8)+(BS2*BS8)+(BT2*BT8)+(BU2*BU8)+(BV2*BV8)+(BW2*BW8)+(BX2*BX8)+(BY2*BY8)+(BZ2*BZ8)+(CA2*CA8)+(CB2*CB8)+(CC2*CC8)+(CD2*CD8) | L8: =K8-(K8*J8/100) | M8: =ROUND(L8/1.11, 2) | N8: =SUM(P8:CD8) | O8: =COUNTIF(P8:CD8,">0") | P8: 0 | Q8: 0 | R8: 0 | S8: 0 | T8: 0 | U8: 0 | V8: 0 | W8: 0 | X8: 0 | Y8: 0 | Z8: 0 | AA8: 0 | AB8: 0 | AC8: 0 | AD8: 0 | AE8: 0 | AF8: 0 | AG8: 0 | AH8: 0 | AI8: 0 | AJ8: 0 | AK8: 0 | AL8: 0 | AM8: 0 | AN8: 0 | AO8: 0 | AP8: 0 | AQ8: 0 | AR8: 0 | AS8: 0 | AT8: 0 | AU8: 0 | AV8: 0 | AW8: 0 | AX8: 0 | AY8: 0 | AZ8: 0 | BA8: 0 | BB8: 0 | BC8: 0 | BD8: 0 | BE8: 0 | BF8: 0 | BG8: 0 | BH8: 0 | BI8: 0 | BJ8: 0 | BK8: 0 | BL8: 0 | BM8: 0 | BN8: 0 | BO8: 0 | BP8: 0 | BQ8: 0 | BR8: 0 | BS8: 0 | BT8: 0 | BU8: 0 | BV8: 0 | BW8: 0 | BX8: 0 | BY8: 0 | BZ8: 0 | CA8: 0 | CB8: 0 | CC8: 0 | CD8: 0
A9: 7 | B9: 2026-07-04 | C9: 71306761 | D9: SMTR-01 | E9: (1881578401)KLINIK NURDIN WAHID KANTIN | F9: RUMAH SAKIT | G9: LAYANAN KESEHATAN | H9: Consignment | J9: 10 | K9: =(P2*P9)+(Q2*Q9)+(R2*R9)+(S2*S9)+(T2*T9)+(U2*U9)+(V2*V9)+(W2*W9)+(X2*X9)+(Y2*Y9)+(Z2*Z9)+(AA2*AA9)+(AB2*AB9)+(AC2*AC9)+(AD2*AD9)+(AE2*AE9)+(AF2*AF9)+(AG2*AG9)+(AH2*AH9)+(AI2*AI9)+(AJ2*AJ9)+(AK2*AK9)+(AL2*AL9)+(AM2*AM9)+(AN2*AN9)+(AO2*AO9)+(AP2*AP9)+(AQ2*AQ9)+(AR2*AR9)+(AS2*AS9)+(AT2*AT9)+(AU2*AU9)+(AV2*AV9)+(AW2*AW9)+(AX2*AX9)+(AY2*AY9)+(AZ2*AZ9)+(BA2*BA9)+(BB2*BB9)+(BC2*BC9)+(BD2*BD9)+(BE2*BE9)+(BF2*BF9)+(BG2*BG9)+(BH2*BH9)+(BI2*BI9)+(BJ2*BJ9)+(BK2*BK9)+(BL2*BL9)+(BM2*BM9)+(BN2*BN9)+(BO2*BO9)+(BP2*BP9)+(BQ2*BQ9)+(BR2*BR9)+(BS2*BS9)+(BT2*BT9)+(BU2*BU9)+(BV2*BV9)+(BW2*BW9)+(BX2*BX9)+(BY2*BY9)+(BZ2*BZ9)+(CA2*CA9)+(CB2*CB9)+(CC2*CC9)+(CD2*CD9) | L9: =K9-(K9*J9/100) | M9: =ROUND(L9/1.11, 2) | N9: =SUM(P9:CD9) | O9: =COUNTIF(P9:CD9,">0") | P9: 0 | Q9: 0 | R9: 0 | S9: 0 | T9: 0 | U9: 0 | V9: 0 | W9: 0 | X9: 0 | Y9: 0 | Z9: 0 | AA9: 0 | AB9: 0 | AC9: 0 | AD9: 0 | AE9: 0 | AF9: 0 | AG9: 0 | AH9: 0 | AI9: 0 | AJ9: 0 | AK9: 0 | AL9: 0 | AM9: 0 | AN9: 0 | AO9: 0 | AP9: 0 | AQ9: 0 | AR9: 0 | AS9: 0 | AT9: 0 | AU9: 0 | AV9: 0 | AW9: 0 | AX9: 0 | AY9: 0 | AZ9: 0 | BA9: 0 | BB9: 0 | BC9: 0 | BD9: 0 | BE9: 0 | BF9: 0 | BG9: 0 | BH9: 0 | BI9: 0 | BJ9: 0 | BK9: 0 | BL9: 0 | BM9: 0 | BN9: 0 | BO9: 0 | BP9: 0 | BQ9: 0 | BR9: 0 | BS9: 0 | BT9: 0 | BU9: 0 | BV9: 0 | BW9: 0 | BX9: 0 | BY9: 0 | BZ9: 0 | CA9: 0 | CB9: 0 | CC9: 0 | CD9: 0
A10: 8 | B10: 2026-07-04 | C10: 71306761 | D10: SMTR-01 | E10: (1881578402)RAHMAN TOKO | F10: WARUNG NOO | G10: WARUNG NOO | H10: Consignment | J10: 10 | K10: =(P2*P10)+(Q2*Q10)+(R2*R10)+(S2*S10)+(T2*T10)+(U2*U10)+(V2*V10)+(W2*W10)+(X2*X10)+(Y2*Y10)+(Z2*Z10)+(AA2*AA10)+(AB2*AB10)+(AC2*AC10)+(AD2*AD10)+(AE2*AE10)+(AF2*AF10)+(AG2*AG10)+(AH2*AH10)+(AI2*AI10)+(AJ2*AJ10)+(AK2*AK10)+(AL2*AL10)+(AM2*AM10)+(AN2*AN10)+(AO2*AO10)+(AP2*AP10)+(AQ2*AQ10)+(AR2*AR10)+(AS2*AS10)+(AT2*AT10)+(AU2*AU10)+(AV2*AV10)+(AW2*AW10)+(AX2*AX10)+(AY2*AY10)+(AZ2*AZ10)+(BA2*BA10)+(BB2*BB10)+(BC2*BC10)+(BD2*BD10)+(BE2*BE10)+(BF2*BF10)+(BG2*BG10)+(BH2*BH10)+(BI2*BI10)+(BJ2*BJ10)+(BK2*BK10)+(BL2*BL10)+(BM2*BM10)+(BN2*BN10)+(BO2*BO10)+(BP2*BP10)+(BQ2*BQ10)+(BR2*BR10)+(BS2*BS10)+(BT2*BT10)+(BU2*BU10)+(BV2*BV10)+(BW2*BW10)+(BX2*BX10)+(BY2*BY10)+(BZ2*BZ10)+(CA2*CA10)+(CB2*CB10)+(CC2*CC10)+(CD2*CD10) | L10: =K10-(K10*J10/100) | M10: =ROUND(L10/1.11, 2) | N10: =SUM(P10:CD10) | O10: =COUNTIF(P10:CD10,">0") | P10: 0 | Q10: 0 | R10: 0 | S10: 0 | T10: 0 | U10: 0 | V10: 0 | W10: 0 | X10: 0 | Y10: 0 | Z10: 0 | AA10: 0 | AB10: 0 | AC10: 0 | AD10: 0 | AE10: 0 | AF10: 0 | AG10: 0 | AH10: 0 | AI10: 0 | AJ10: 0 | AK10: 0 | AL10: 0 | AM10: 0 | AN10: 0 | AO10: 0 | AP10: 0 | AQ10: 0 | AR10: 0 | AS10: 0 | AT10: 0 | AU10: 0 | AV10: 0 | AW10: 0 | AX10: 0 | AY10: 0 | AZ10: 0 | BA10: 0 | BB10: 0 | BC10: 0 | BD10: 0 | BE10: 0 | BF10: 0 | BG10: 0 | BH10: 0 | BI10: 0 | BJ10: 0 | BK10: 0 | BL10: 0 | BM10: 0 | BN10: 0 | BO10: 0 | BP10: 0 | BQ10: 0 | BR10: 0 | BS10: 0 | BT10: 0 | BU10: 0 | BV10: 0 | BW10: 0 | BX10: 0 | BY10: 0 | BZ10: 0 | CA10: 0 | CB10: 0 | CC10: 0 | CD10: 0
A11: 9 | B11: 2026-07-04 | C11: 71306761 | D11: SMTR-01 | E11: (1881578403)RESTU CELL | F11: WARUNG NOO | G11: WARUNG NOO | H11: Consignment | J11: 10 | K11: =(P2*P11)+(Q2*Q11)+(R2*R11)+(S2*S11)+(T2*T11)+(U2*U11)+(V2*V11)+(W2*W11)+(X2*X11)+(Y2*Y11)+(Z2*Z11)+(AA2*AA11)+(AB2*AB11)+(AC2*AC11)+(AD2*AD11)+(AE2*AE11)+(AF2*AF11)+(AG2*AG11)+(AH2*AH11)+(AI2*AI11)+(AJ2*AJ11)+(AK2*AK11)+(AL2*AL11)+(AM2*AM11)+(AN2*AN11)+(AO2*AO11)+(AP2*AP11)+(AQ2*AQ11)+(AR2*AR11)+(AS2*AS11)+(AT2*AT11)+(AU2*AU11)+(AV2*AV11)+(AW2*AW11)+(AX2*AX11)+(AY2*AY11)+(AZ2*AZ11)+(BA2*BA11)+(BB2*BB11)+(BC2*BC11)+(BD2*BD11)+(BE2*BE11)+(BF2*BF11)+(BG2*BG11)+(BH2*BH11)+(BI2*BI11)+(BJ2*BJ11)+(BK2*BK11)+(BL2*BL11)+(BM2*BM11)+(BN2*BN11)+(BO2*BO11)+(BP2*BP11)+(BQ2*BQ11)+(BR2*BR11)+(BS2*BS11)+(BT2*BT11)+(BU2*BU11)+(BV2*BV11)+(BW2*BW11)+(BX2*BX11)+(BY2*BY11)+(BZ2*BZ11)+(CA2*CA11)+(CB2*CB11)+(CC2*CC11)+(CD2*CD11) | L11: =K11-(K11*J11/100) | M11: =ROUND(L11/1.11, 2) | N11: =SUM(P11:CD11) | O11: =COUNTIF(P11:CD11,">0") | P11: 0 | Q11: 0 | R11: 0 | S11: 0 | T11: 0 | U11: 0 | V11: 0 | W11: 0 | X11: 0 | Y11: 0 | Z11: 0 | AA11: 0 | AB11: 0 | AC11: 0 | AD11: 0 | AE11: 0 | AF11: 0 | AG11: 0 | AH11: 0 | AI11: 0 | AJ11: 0 | AK11: 0 | AL11: 0 | AM11: 0 | AN11: 0 | AO11: 0 | AP11: 0 | AQ11: 0 | AR11: 0 | AS11: 0 | AT11: 0 | AU11: 0 | AV11: 0 | AW11: 0 | AX11: 0 | AY11: 0 | AZ11: 0 | BA11: 0 | BB11: 0 | BC11: 0 | BD11: 0 | BE11: 0 | BF11: 0 | BG11: 0 | BH11: 0 | BI11: 0 | BJ11: 0 | BK11: 0 | BL11: 0 | BM11: 0 | BN11: 0 | BO11: 0 | BP11: 0 | BQ11: 0 | BR11: 0 | BS11: 0 | BT11: 0 | BU11: 0 | BV11: 0 | BW11: 0 | BX11: 0 | BY11: 0 | BZ11: 0 | CA11: 0 | CB11: 0 | CC11: 0 | CD11: 0
A12: 10 | B12: 2026-07-04 | C12: 71306761 | D12: SMTR-01 | E12: (1881578407)AZIFA RANGKUTI TOKO | F12: WARUNG NOO | G12: WARUNG NOO | H12: Consignment | J12: 10 | K12: =(P2*P12)+(Q2*Q12)+(R2*R12)+(S2*S12)+(T2*T12)+(U2*U12)+(V2*V12)+(W2*W12)+(X2*X12)+(Y2*Y12)+(Z2*Z12)+(AA2*AA12)+(AB2*AB12)+(AC2*AC12)+(AD2*AD12)+(AE2*AE12)+(AF2*AF12)+(AG2*AG12)+(AH2*AH12)+(AI2*AI12)+(AJ2*AJ12)+(AK2*AK12)+(AL2*AL12)+(AM2*AM12)+(AN2*AN12)+(AO2*AO12)+(AP2*AP12)+(AQ2*AQ12)+(AR2*AR12)+(AS2*AS12)+(AT2*AT12)+(AU2*AU12)+(AV2*AV12)+(AW2*AW12)+(AX2*AX12)+(AY2*AY12)+(AZ2*AZ12)+(BA2*BA12)+(BB2*BB12)+(BC2*BC12)+(BD2*BD12)+(BE2*BE12)+(BF2*BF12)+(BG2*BG12)+(BH2*BH12)+(BI2*BI12)+(BJ2*BJ12)+(BK2*BK12)+(BL2*BL12)+(BM2*BM12)+(BN2*BN12)+(BO2*BO12)+(BP2*BP12)+(BQ2*BQ12)+(BR2*BR12)+(BS2*BS12)+(BT2*BT12)+(BU2*BU12)+(BV2*BV12)+(BW2*BW12)+(BX2*BX12)+(BY2*BY12)+(BZ2*BZ12)+(CA2*CA12)+(CB2*CB12)+(CC2*CC12)+(CD2*CD12) | L12: =K12-(K12*J12/100) | M12: =ROUND(L12/1.11, 2) | N12: =SUM(P12:CD12) | O12: =COUNTIF(P12:CD12,">0") | P12: 0 | Q12: 0 | R12: 0 | S12: 0 | T12: 0 | U12: 0 | V12: 0 | W12: 0 | X12: 0 | Y12: 0 | Z12: 0 | AA12: 0 | AB12: 0 | AC12: 0 | AD12: 0 | AE12: 0 | AF12: 0 | AG12: 0 | AH12: 0 | AI12: 0 | AJ12: 0 | AK12: 0 | AL12: 0 | AM12: 0 | AN12: 0 | AO12: 0 | AP12: 0 | AQ12: 0 | AR12: 0 | AS12: 0 | AT12: 0 | AU12: 0 | AV12: 0 | AW12: 0 | AX12: 0 | AY12: 0 | AZ12: 0 | BA12: 0 | BB12: 0 | BC12: 0 | BD12: 0 | BE12: 0 | BF12: 0 | BG12: 0 | BH12: 0 | BI12: 0 | BJ12: 0 | BK12: 0 | BL12: 0 | BM12: 0 | BN12: 0 | BO12: 0 | BP12: 0 | BQ12: 0 | BR12: 0 | BS12: 0 | BT12: 0 | BU12: 0 | BV12: 0 | BW12: 0 | BX12: 0 | BY12: 0 | BZ12: 0 | CA12: 0 | CB12: 0 | CC12: 0 | CD12: 0
A13: 11 | B13: 2026-07-04 | C13: 71306761 | D13: SMTR-01 | E13: (1881578489)KLINIK ANANDA KANTIN | F13: RUMAH SAKIT | G13: LAYANAN KESEHATAN | H13: Consignment | J13: 10 | K13: =(P2*P13)+(Q2*Q13)+(R2*R13)+(S2*S13)+(T2*T13)+(U2*U13)+(V2*V13)+(W2*W13)+(X2*X13)+(Y2*Y13)+(Z2*Z13)+(AA2*AA13)+(AB2*AB13)+(AC2*AC13)+(AD2*AD13)+(AE2*AE13)+(AF2*AF13)+(AG2*AG13)+(AH2*AH13)+(AI2*AI13)+(AJ2*AJ13)+(AK2*AK13)+(AL2*AL13)+(AM2*AM13)+(AN2*AN13)+(AO2*AO13)+(AP2*AP13)+(AQ2*AQ13)+(AR2*AR13)+(AS2*AS13)+(AT2*AT13)+(AU2*AU13)+(AV2*AV13)+(AW2*AW13)+(AX2*AX13)+(AY2*AY13)+(AZ2*AZ13)+(BA2*BA13)+(BB2*BB13)+(BC2*BC13)+(BD2*BD13)+(BE2*BE13)+(BF2*BF13)+(BG2*BG13)+(BH2*BH13)+(BI2*BI13)+(BJ2*BJ13)+(BK2*BK13)+(BL2*BL13)+(BM2*BM13)+(BN2*BN13)+(BO2*BO13)+(BP2*BP13)+(BQ2*BQ13)+(BR2*BR13)+(BS2*BS13)+(BT2*BT13)+(BU2*BU13)+(BV2*BV13)+(BW2*BW13)+(BX2*BX13)+(BY2*BY13)+(BZ2*BZ13)+(CA2*CA13)+(CB2*CB13)+(CC2*CC13)+(CD2*CD13) | L13: =K13-(K13*J13/100) | M13: =ROUND(L13/1.11, 2) | N13: =SUM(P13:CD13) | O13: =COUNTIF(P13:CD13,">0") | P13: 0 | Q13: 0 | R13: 0 | S13: 0 | T13: 0 | U13: 0 | V13: 0 | W13: 0 | X13: 0 | Y13: 0 | Z13: 0 | AA13: 0 | AB13: 0 | AC13: 0 | AD13: 0 | AE13: 0 | AF13: 0 | AG13: 0 | AH13: 0 | AI13: 0 | AJ13: 0 | AK13: 0 | AL13: 0 | AM13: 0 | AN13: 0 | AO13: 0 | AP13: 0 | AQ13: 0 | AR13: 0 | AS13: 0 | AT13: 0 | AU13: 0 | AV13: 0 | AW13: 0 | AX13: 0 | AY13: 0 | AZ13: 0 | BA13: 0 | BB13: 0 | BC13: 0 | BD13: 0 | BE13: 0 | BF13: 0 | BG13: 0 | BH13: 0 | BI13: 0 | BJ13: 0 | BK13: 0 | BL13: 0 | BM13: 0 | BN13: 0 | BO13: 0 | BP13: 0 | BQ13: 0 | BR13: 0 | BS13: 0 | BT13: 0 | BU13: 0 | BV13: 0 | BW13: 0 | BX13: 0 | BY13: 0 | BZ13: 0 | CA13: 0 | CB13: 0 | CC13: 0 | CD13: 0
A14: 12 | B14: 2026-07-04 | C14: 71306761 | D14: SMTR-01 | E14: (1881578585)WARUNG SAYUR ASEP | F14: WARUNG NOO | G14: WARUNG NOO | H14: Consignment | J14: 10 | K14: =(P2*P14)+(Q2*Q14)+(R2*R14)+(S2*S14)+(T2*T14)+(U2*U14)+(V2*V14)+(W2*W14)+(X2*X14)+(Y2*Y14)+(Z2*Z14)+(AA2*AA14)+(AB2*AB14)+(AC2*AC14)+(AD2*AD14)+(AE2*AE14)+(AF2*AF14)+(AG2*AG14)+(AH2*AH14)+(AI2*AI14)+(AJ2*AJ14)+(AK2*AK14)+(AL2*AL14)+(AM2*AM14)+(AN2*AN14)+(AO2*AO14)+(AP2*AP14)+(AQ2*AQ14)+(AR2*AR14)+(AS2*AS14)+(AT2*AT14)+(AU2*AU14)+(AV2*AV14)+(AW2*AW14)+(AX2*AX14)+(AY2*AY14)+(AZ2*AZ14)+(BA2*BA14)+(BB2*BB14)+(BC2*BC14)+(BD2*BD14)+(BE2*BE14)+(BF2*BF14)+(BG2*BG14)+(BH2*BH14)+(BI2*BI14)+(BJ2*BJ14)+(BK2*BK14)+(BL2*BL14)+(BM2*BM14)+(BN2*BN14)+(BO2*BO14)+(BP2*BP14)+(BQ2*BQ14)+(BR2*BR14)+(BS2*BS14)+(BT2*BT14)+(BU2*BU14)+(BV2*BV14)+(BW2*BW14)+(BX2*BX14)+(BY2*BY14)+(BZ2*BZ14)+(CA2*CA14)+(CB2*CB14)+(CC2*CC14)+(CD2*CD14) | L14: =K14-(K14*J14/100) | M14: =ROUND(L14/1.11, 2) | N14: =SUM(P14:CD14) | O14: =COUNTIF(P14:CD14,">0") | P14: 0 | Q14: 0 | R14: 0 | S14: 0 | T14: 0 | U14: 0 | V14: 0 | W14: 0 | X14: 0 | Y14: 0 | Z14: 0 | AA14: 0 | AB14: 0 | AC14: 0 | AD14: 0 | AE14: 0 | AF14: 0 | AG14: 0 | AH14: 0 | AI14: 0 | AJ14: 0 | AK14: 0 | AL14: 0 | AM14: 0 | AN14: 0 | AO14: 0 | AP14: 0 | AQ14: 0 | AR14: 0 | AS14: 0 | AT14: 0 | AU14: 0 | AV14: 0 | AW14: 0 | AX14: 0 | AY14: 0 | AZ14: 0 | BA14: 0 | BB14: 0 | BC14: 0 | BD14: 0 | BE14: 0 | BF14: 0 | BG14: 0 | BH14: 0 | BI14: 0 | BJ14: 0 | BK14: 0 | BL14: 0 | BM14: 0 | BN14: 0 | BO14: 0 | BP14: 0 | BQ14: 0 | BR14: 0 | BS14: 0 | BT14: 0 | BU14: 0 | BV14: 0 | BW14: 0 | BX14: 0 | BY14: 0 | BZ14: 0 | CA14: 0 | CB14: 0 | CC14: 0 | CD14: 0
A15: 13 | B15: 2026-07-04 | C15: 71306761 | D15: SMTR-01 | E15: (1881579074)kantin RS Husada | F15: RUMAH SAKIT | G15: LAYANAN KESEHATAN | H15: Consignment | J15: 10 | K15: =(P2*P15)+(Q2*Q15)+(R2*R15)+(S2*S15)+(T2*T15)+(U2*U15)+(V2*V15)+(W2*W15)+(X2*X15)+(Y2*Y15)+(Z2*Z15)+(AA2*AA15)+(AB2*AB15)+(AC2*AC15)+(AD2*AD15)+(AE2*AE15)+(AF2*AF15)+(AG2*AG15)+(AH2*AH15)+(AI2*AI15)+(AJ2*AJ15)+(AK2*AK15)+(AL2*AL15)+(AM2*AM15)+(AN2*AN15)+(AO2*AO15)+(AP2*AP15)+(AQ2*AQ15)+(AR2*AR15)+(AS2*AS15)+(AT2*AT15)+(AU2*AU15)+(AV2*AV15)+(AW2*AW15)+(AX2*AX15)+(AY2*AY15)+(AZ2*AZ15)+(BA2*BA15)+(BB2*BB15)+(BC2*BC15)+(BD2*BD15)+(BE2*BE15)+(BF2*BF15)+(BG2*BG15)+(BH2*BH15)+(BI2*BI15)+(BJ2*BJ15)+(BK2*BK15)+(BL2*BL15)+(BM2*BM15)+(BN2*BN15)+(BO2*BO15)+(BP2*BP15)+(BQ2*BQ15)+(BR2*BR15)+(BS2*BS15)+(BT2*BT15)+(BU2*BU15)+(BV2*BV15)+(BW2*BW15)+(BX2*BX15)+(BY2*BY15)+(BZ2*BZ15)+(CA2*CA15)+(CB2*CB15)+(CC2*CC15)+(CD2*CD15) | L15: =K15-(K15*J15/100) | M15: =ROUND(L15/1.11, 2) | N15: =SUM(P15:CD15) | O15: =COUNTIF(P15:CD15,">0") | P15: 0 | Q15: 0 | R15: 0 | S15: 0 | T15: 0 | U15: 0 | V15: 0 | W15: 0 | X15: 0 | Y15: 0 | Z15: 0 | AA15: 0 | AB15: 0 | AC15: 0 | AD15: 0 | AE15: 0 | AF15: 0 | AG15: 0 | AH15: 0 | AI15: 0 | AJ15: 0 | AK15: 0 | AL15: 0 | AM15: 0 | AN15: 0 | AO15: 0 | AP15: 0 | AQ15: 0 | AR15: 0 | AS15: 0 | AT15: 0 | AU15: 0 | AV15: 0 | AW15: 0 | AX15: 0 | AY15: 0 | AZ15: 0 | BA15: 0 | BB15: 0 | BC15: 0 | BD15: 0 | BE15: 0 | BF15: 0 | BG15: 0 | BH15: 0 | BI15: 0 | BJ15: 0 | BK15: 0 | BL15: 0 | BM15: 0 | BN15: 0 | BO15: 0 | BP15: 0 | BQ15: 0 | BR15: 0 | BS15: 0 | BT15: 0 | BU15: 0 | BV15: 0 | BW15: 0 | BX15: 0 | BY15: 0 | BZ15: 0 | CA15: 0 | CB15: 0 | CC15: 0 | CD15: 0
A16: 14 | B16: 2026-07-04 | C16: 71306761 | D16: SMTR-01 | E16: (1881579637)KANTIN BU ELI | F16: WARUNG NOO | G16: WARUNG NOO | H16: Consignment | J16: 10 | K16: =(P2*P16)+(Q2*Q16)+(R2*R16)+(S2*S16)+(T2*T16)+(U2*U16)+(V2*V16)+(W2*W16)+(X2*X16)+(Y2*Y16)+(Z2*Z16)+(AA2*AA16)+(AB2*AB16)+(AC2*AC16)+(AD2*AD16)+(AE2*AE16)+(AF2*AF16)+(AG2*AG16)+(AH2*AH16)+(AI2*AI16)+(AJ2*AJ16)+(AK2*AK16)+(AL2*AL16)+(AM2*AM16)+(AN2*AN16)+(AO2*AO16)+(AP2*AP16)+(AQ2*AQ16)+(AR2*AR16)+(AS2*AS16)+(AT2*AT16)+(AU2*AU16)+(AV2*AV16)+(AW2*AW16)+(AX2*AX16)+(AY2*AY16)+(AZ2*AZ16)+(BA2*BA16)+(BB2*BB16)+(BC2*BC16)+(BD2*BD16)+(BE2*BE16)+(BF2*BF16)+(BG2*BG16)+(BH2*BH16)+(BI2*BI16)+(BJ2*BJ16)+(BK2*BK16)+(BL2*BL16)+(BM2*BM16)+(BN2*BN16)+(BO2*BO16)+(BP2*BP16)+(BQ2*BQ16)+(BR2*BR16)+(BS2*BS16)+(BT2*BT16)+(BU2*BU16)+(BV2*BV16)+(BW2*BW16)+(BX2*BX16)+(BY2*BY16)+(BZ2*BZ16)+(CA2*CA16)+(CB2*CB16)+(CC2*CC16)+(CD2*CD16) | L16: =K16-(K16*J16/100) | M16: =ROUND(L16/1.11, 2) | N16: =SUM(P16:CD16) | O16: =COUNTIF(P16:CD16,">0") | P16: 0 | Q16: 0 | R16: 0 | S16: 0 | T16: 0 | U16: 0 | V16: 0 | W16: 0 | X16: 0 | Y16: 0 | Z16: 0 | AA16: 0 | AB16: 0 | AC16: 0 | AD16: 0 | AE16: 0 | AF16: 0 | AG16: 0 | AH16: 0 | AI16: 0 | AJ16: 0 | AK16: 0 | AL16: 0 | AM16: 0 | AN16: 0 | AO16: 0 | AP16: 0 | AQ16: 0 | AR16: 0 | AS16: 0 | AT16: 0 | AU16: 0 | AV16: 0 | AW16: 0 | AX16: 0 | AY16: 0 | AZ16: 0 | BA16: 0 | BB16: 0 | BC16: 0 | BD16: 0 | BE16: 0 | BF16: 0 | BG16: 0 | BH16: 0 | BI16: 0 | BJ16: 0 | BK16: 0 | BL16: 0 | BM16: 0 | BN16: 0 | BO16: 0 | BP16: 0 | BQ16: 0 | BR16: 0 | BS16: 0 | BT16: 0 | BU16: 0 | BV16: 0 | BW16: 0 | BX16: 0 | BY16: 0 | BZ16: 0 | CA16: 0 | CB16: 0 | CC16: 0 | CD16: 0
A17: 15 | B17: 2026-07-04 | C17: 71306761 | D17: SMTR-01 | E17: (1881579647)WARKOP JAMAL | F17: WARUNG NOO | G17: WARUNG NOO | H17: Consignment | J17: 10 | K17: =(P2*P17)+(Q2*Q17)+(R2*R17)+(S2*S17)+(T2*T17)+(U2*U17)+(V2*V17)+(W2*W17)+(X2*X17)+(Y2*Y17)+(Z2*Z17)+(AA2*AA17)+(AB2*AB17)+(AC2*AC17)+(AD2*AD17)+(AE2*AE17)+(AF2*AF17)+(AG2*AG17)+(AH2*AH17)+(AI2*AI17)+(AJ2*AJ17)+(AK2*AK17)+(AL2*AL17)+(AM2*AM17)+(AN2*AN17)+(AO2*AO17)+(AP2*AP17)+(AQ2*AQ17)+(AR2*AR17)+(AS2*AS17)+(AT2*AT17)+(AU2*AU17)+(AV2*AV17)+(AW2*AW17)+(AX2*AX17)+(AY2*AY17)+(AZ2*AZ17)+(BA2*BA17)+(BB2*BB17)+(BC2*BC17)+(BD2*BD17)+(BE2*BE17)+(BF2*BF17)+(BG2*BG17)+(BH2*BH17)+(BI2*BI17)+(BJ2*BJ17)+(BK2*BK17)+(BL2*BL17)+(BM2*BM17)+(BN2*BN17)+(BO2*BO17)+(BP2*BP17)+(BQ2*BQ17)+(BR2*BR17)+(BS2*BS17)+(BT2*BT17)+(BU2*BU17)+(BV2*BV17)+(BW2*BW17)+(BX2*BX17)+(BY2*BY17)+(BZ2*BZ17)+(CA2*CA17)+(CB2*CB17)+(CC2*CC17)+(CD2*CD17) | L17: =K17-(K17*J17/100) | M17: =ROUND(L17/1.11, 2) | N17: =SUM(P17:CD17) | O17: =COUNTIF(P17:CD17,">0") | P17: 0 | Q17: 0 | R17: 0 | S17: 0 | T17: 0 | U17: 0 | V17: 0 | W17: 0 | X17: 0 | Y17: 0 | Z17: 0 | AA17: 0 | AB17: 0 | AC17: 0 | AD17: 0 | AE17: 0 | AF17: 0 | AG17: 0 | AH17: 0 | AI17: 0 | AJ17: 0 | AK17: 0 | AL17: 0 | AM17: 0 | AN17: 0 | AO17: 0 | AP17: 0 | AQ17: 0 | AR17: 0 | AS17: 0 | AT17: 0 | AU17: 0 | AV17: 0 | AW17: 0 | AX17: 0 | AY17: 0 | AZ17: 0 | BA17: 0 | BB17: 0 | BC17: 0 | BD17: 0 | BE17: 0 | BF17: 0 | BG17: 0 | BH17: 0 | BI17: 0 | BJ17: 0 | BK17: 0 | BL17: 0 | BM17: 0 | BN17: 0 | BO17: 0 | BP17: 0 | BQ17: 0 | BR17: 0 | BS17: 0 | BT17: 0 | BU17: 0 | BV17: 0 | BW17: 0 | BX17: 0 | BY17: 0 | BZ17: 0 | CA17: 0 | CB17: 0 | CC17: 0 | CD17: 0
A18: 16 | B18: 2026-07-04 | C18: 71306761 | D18: SMTR-01 | E18: (1881579659)TOKO SAIT | F18: WARUNG NOO | G18: WARUNG NOO | H18: Consignment | J18: 10 | K18: =(P2*P18)+(Q2*Q18)+(R2*R18)+(S2*S18)+(T2*T18)+(U2*U18)+(V2*V18)+(W2*W18)+(X2*X18)+(Y2*Y18)+(Z2*Z18)+(AA2*AA18)+(AB2*AB18)+(AC2*AC18)+(AD2*AD18)+(AE2*AE18)+(AF2*AF18)+(AG2*AG18)+(AH2*AH18)+(AI2*AI18)+(AJ2*AJ18)+(AK2*AK18)+(AL2*AL18)+(AM2*AM18)+(AN2*AN18)+(AO2*AO18)+(AP2*AP18)+(AQ2*AQ18)+(AR2*AR18)+(AS2*AS18)+(AT2*AT18)+(AU2*AU18)+(AV2*AV18)+(AW2*AW18)+(AX2*AX18)+(AY2*AY18)+(AZ2*AZ18)+(BA2*BA18)+(BB2*BB18)+(BC2*BC18)+(BD2*BD18)+(BE2*BE18)+(BF2*BF18)+(BG2*BG18)+(BH2*BH18)+(BI2*BI18)+(BJ2*BJ18)+(BK2*BK18)+(BL2*BL18)+(BM2*BM18)+(BN2*BN18)+(BO2*BO18)+(BP2*BP18)+(BQ2*BQ18)+(BR2*BR18)+(BS2*BS18)+(BT2*BT18)+(BU2*BU18)+(BV2*BV18)+(BW2*BW18)+(BX2*BX18)+(BY2*BY18)+(BZ2*BZ18)+(CA2*CA18)+(CB2*CB18)+(CC2*CC18)+(CD2*CD18) | L18: =K18-(K18*J18/100) | M18: =ROUND(L18/1.11, 2) | N18: =SUM(P18:CD18) | O18: =COUNTIF(P18:CD18,">0") | P18: 0 | Q18: 0 | R18: 0 | S18: 0 | T18: 0 | U18: 0 | V18: 0 | W18: 0 | X18: 0 | Y18: 0 | Z18: 0 | AA18: 0 | AB18: 0 | AC18: 0 | AD18: 0 | AE18: 0 | AF18: 0 | AG18: 0 | AH18: 0 | AI18: 0 | AJ18: 0 | AK18: 0 | AL18: 0 | AM18: 0 | AN18: 0 | AO18: 0 | AP18: 0 | AQ18: 0 | AR18: 0 | AS18: 0 | AT18: 0 | AU18: 0 | AV18: 0 | AW18: 0 | AX18: 0 | AY18: 0 | AZ18: 0 | BA18: 0 | BB18: 0 | BC18: 0 | BD18: 0 | BE18: 0 | BF18: 0 | BG18: 0 | BH18: 0 | BI18: 0 | BJ18: 0 | BK18: 0 | BL18: 0 | BM18: 0 | BN18: 0 | BO18: 0 | BP18: 0 | BQ18: 0 | BR18: 0 | BS18: 0 | BT18: 0 | BU18: 0 | BV18: 0 | BW18: 0 | BX18: 0 | BY18: 0 | BZ18: 0 | CA18: 0 | CB18: 0 | CC18: 0 | CD18: 0
A19: 17 | B19: 2026-07-04 | C19: 71306761 | D19: SMTR-01 | E19: (1881581001)TOKO ALIKA | F19: WARUNG NOO | G19: WARUNG NOO | H19: Consignment | J19: 10 | K19: =(P2*P19)+(Q2*Q19)+(R2*R19)+(S2*S19)+(T2*T19)+(U2*U19)+(V2*V19)+(W2*W19)+(X2*X19)+(Y2*Y19)+(Z2*Z19)+(AA2*AA19)+(AB2*AB19)+(AC2*AC19)+(AD2*AD19)+(AE2*AE19)+(AF2*AF19)+(AG2*AG19)+(AH2*AH19)+(AI2*AI19)+(AJ2*AJ19)+(AK2*AK19)+(AL2*AL19)+(AM2*AM19)+(AN2*AN19)+(AO2*AO19)+(AP2*AP19)+(AQ2*AQ19)+(AR2*AR19)+(AS2*AS19)+(AT2*AT19)+(AU2*AU19)+(AV2*AV19)+(AW2*AW19)+(AX2*AX19)+(AY2*AY19)+(AZ2*AZ19)+(BA2*BA19)+(BB2*BB19)+(BC2*BC19)+(BD2*BD19)+(BE2*BE19)+(BF2*BF19)+(BG2*BG19)+(BH2*BH19)+(BI2*BI19)+(BJ2*BJ19)+(BK2*BK19)+(BL2*BL19)+(BM2*BM19)+(BN2*BN19)+(BO2*BO19)+(BP2*BP19)+(BQ2*BQ19)+(BR2*BR19)+(BS2*BS19)+(BT2*BT19)+(BU2*BU19)+(BV2*BV19)+(BW2*BW19)+(BX2*BX19)+(BY2*BY19)+(BZ2*BZ19)+(CA2*CA19)+(CB2*CB19)+(CC2*CC19)+(CD2*CD19) | L19: =K19-(K19*J19/100) | M19: =ROUND(L19/1.11, 2) | N19: =SUM(P19:CD19) | O19: =COUNTIF(P19:CD19,">0") | P19: 0 | Q19: 0 | R19: 0 | S19: 0 | T19: 0 | U19: 0 | V19: 0 | W19: 0 | X19: 0 | Y19: 0 | Z19: 0 | AA19: 0 | AB19: 0 | AC19: 0 | AD19: 0 | AE19: 0 | AF19: 0 | AG19: 0 | AH19: 0 | AI19: 0 | AJ19: 0 | AK19: 0 | AL19: 0 | AM19: 0 | AN19: 0 | AO19: 0 | AP19: 0 | AQ19: 0 | AR19: 0 | AS19: 0 | AT19: 0 | AU19: 0 | AV19: 0 | AW19: 0 | AX19: 0 | AY19: 0 | AZ19: 0 | BA19: 0 | BB19: 0 | BC19: 0 | BD19: 0 | BE19: 0 | BF19: 0 | BG19: 0 | BH19: 0 | BI19: 0 | BJ19: 0 | BK19: 0 | BL19: 0 | BM19: 0 | BN19: 0 | BO19: 0 | BP19: 0 | BQ19: 0 | BR19: 0 | BS19: 0 | BT19: 0 | BU19: 0 | BV19: 0 | BW19: 0 | BX19: 0 | BY19: 0 | BZ19: 0 | CA19: 0 | CB19: 0 | CC19: 0 | CD19: 0
A20: 18 | B20: 2026-07-04 | C20: 71306761 | D20: SMTR-01 | E20: (1881581526)TOKO WIDODO | F20: WARUNG NOO | G20: WARUNG NOO | H20: Consignment | J20: 10 | K20: =(P2*P20)+(Q2*Q20)+(R2*R20)+(S2*S20)+(T2*T20)+(U2*U20)+(V2*V20)+(W2*W20)+(X2*X20)+(Y2*Y20)+(Z2*Z20)+(AA2*AA20)+(AB2*AB20)+(AC2*AC20)+(AD2*AD20)+(AE2*AE20)+(AF2*AF20)+(AG2*AG20)+(AH2*AH20)+(AI2*AI20)+(AJ2*AJ20)+(AK2*AK20)+(AL2*AL20)+(AM2*AM20)+(AN2*AN20)+(AO2*AO20)+(AP2*AP20)+(AQ2*AQ20)+(AR2*AR20)+(AS2*AS20)+(AT2*AT20)+(AU2*AU20)+(AV2*AV20)+(AW2*AW20)+(AX2*AX20)+(AY2*AY20)+(AZ2*AZ20)+(BA2*BA20)+(BB2*BB20)+(BC2*BC20)+(BD2*BD20)+(BE2*BE20)+(BF2*BF20)+(BG2*BG20)+(BH2*BH20)+(BI2*BI20)+(BJ2*BJ20)+(BK2*BK20)+(BL2*BL20)+(BM2*BM20)+(BN2*BN20)+(BO2*BO20)+(BP2*BP20)+(BQ2*BQ20)+(BR2*BR20)+(BS2*BS20)+(BT2*BT20)+(BU2*BU20)+(BV2*BV20)+(BW2*BW20)+(BX2*BX20)+(BY2*BY20)+(BZ2*BZ20)+(CA2*CA20)+(CB2*CB20)+(CC2*CC20)+(CD2*CD20) | L20: =K20-(K20*J20/100) | M20: =ROUND(L20/1.11, 2) | N20: =SUM(P20:CD20) | O20: =COUNTIF(P20:CD20,">0") | P20: 0 | Q20: 0 | R20: 0 | S20: 0 | T20: 0 | U20: 0 | V20: 0 | W20: 0 | X20: 0 | Y20: 0 | Z20: 0 | AA20: 0 | AB20: 0 | AC20: 0 | AD20: 0 | AE20: 0 | AF20: 0 | AG20: 0 | AH20: 0 | AI20: 0 | AJ20: 0 | AK20: 0 | AL20: 0 | AM20: 0 | AN20: 0 | AO20: 0 | AP20: 0 | AQ20: 0 | AR20: 0 | AS20: 0 | AT20: 0 | AU20: 0 | AV20: 0 | AW20: 0 | AX20: 0 | AY20: 0 | AZ20: 0 | BA20: 0 | BB20: 0 | BC20: 0 | BD20: 0 | BE20: 0 | BF20: 0 | BG20: 0 | BH20: 0 | BI20: 0 | BJ20: 0 | BK20: 0 | BL20: 0 | BM20: 0 | BN20: 0 | BO20: 0 | BP20: 0 | BQ20: 0 | BR20: 0 | BS20: 0 | BT20: 0 | BU20: 0 | BV20: 0 | BW20: 0 | BX20: 0 | BY20: 0 | BZ20: 0 | CA20: 0 | CB20: 0 | CC20: 0 | CD20: 0
A21: 19 | B21: 2026-07-04 | C21: 71306761 | D21: SMTR-01 | E21: (1881582966)TOKO ARDIANSYAH | F21: WARUNG NOO | G21: WARUNG NOO | H21: Consignment | J21: 10 | K21: =(P2*P21)+(Q2*Q21)+(R2*R21)+(S2*S21)+(T2*T21)+(U2*U21)+(V2*V21)+(W2*W21)+(X2*X21)+(Y2*Y21)+(Z2*Z21)+(AA2*AA21)+(AB2*AB21)+(AC2*AC21)+(AD2*AD21)+(AE2*AE21)+(AF2*AF21)+(AG2*AG21)+(AH2*AH21)+(AI2*AI21)+(AJ2*AJ21)+(AK2*AK21)+(AL2*AL21)+(AM2*AM21)+(AN2*AN21)+(AO2*AO21)+(AP2*AP21)+(AQ2*AQ21)+(AR2*AR21)+(AS2*AS21)+(AT2*AT21)+(AU2*AU21)+(AV2*AV21)+(AW2*AW21)+(AX2*AX21)+(AY2*AY21)+(AZ2*AZ21)+(BA2*BA21)+(BB2*BB21)+(BC2*BC21)+(BD2*BD21)+(BE2*BE21)+(BF2*BF21)+(BG2*BG21)+(BH2*BH21)+(BI2*BI21)+(BJ2*BJ21)+(BK2*BK21)+(BL2*BL21)+(BM2*BM21)+(BN2*BN21)+(BO2*BO21)+(BP2*BP21)+(BQ2*BQ21)+(BR2*BR21)+(BS2*BS21)+(BT2*BT21)+(BU2*BU21)+(BV2*BV21)+(BW2*BW21)+(BX2*BX21)+(BY2*BY21)+(BZ2*BZ21)+(CA2*CA21)+(CB2*CB21)+(CC2*CC21)+(CD2*CD21) | L21: =K21-(K21*J21/100) | M21: =ROUND(L21/1.11, 2) | N21: =SUM(P21:CD21) | O21: =COUNTIF(P21:CD21,">0") | P21: 0 | Q21: 0 | R21: 0 | S21: 0 | T21: 0 | U21: 0 | V21: 0 | W21: 0 | X21: 0 | Y21: 0 | Z21: 0 | AA21: 0 | AB21: 0 | AC21: 0 | AD21: 0 | AE21: 0 | AF21: 0 | AG21: 0 | AH21: 0 | AI21: 0 | AJ21: 0 | AK21: 0 | AL21: 0 | AM21: 0 | AN21: 0 | AO21: 0 | AP21: 0 | AQ21: 0 | AR21: 0 | AS21: 0 | AT21: 0 | AU21: 0 | AV21: 0 | AW21: 0 | AX21: 0 | AY21: 0 | AZ21: 0 | BA21: 0 | BB21: 0 | BC21: 0 | BD21: 0 | BE21: 0 | BF21: 0 | BG21: 0 | BH21: 0 | BI21: 0 | BJ21: 0 | BK21: 0 | BL21: 0 | BM21: 0 | BN21: 0 | BO21: 0 | BP21: 0 | BQ21: 0 | BR21: 0 | BS21: 0 | BT21: 0 | BU21: 0 | BV21: 0 | BW21: 0 | BX21: 0 | BY21: 0 | BZ21: 0 | CA21: 0 | CB21: 0 | CC21: 0 | CD21: 0
A22: 20 | B22: 2026-07-04 | C22: 71306761 | D22: SMTR-01 | E22: (1881589033)PIONA TOKO | F22: WARUNG NOO | G22: WARUNG NOO | H22: Consignment | J22: 10 | K22: =(P2*P22)+(Q2*Q22)+(R2*R22)+(S2*S22)+(T2*T22)+(U2*U22)+(V2*V22)+(W2*W22)+(X2*X22)+(Y2*Y22)+(Z2*Z22)+(AA2*AA22)+(AB2*AB22)+(AC2*AC22)+(AD2*AD22)+(AE2*AE22)+(AF2*AF22)+(AG2*AG22)+(AH2*AH22)+(AI2*AI22)+(AJ2*AJ22)+(AK2*AK22)+(AL2*AL22)+(AM2*AM22)+(AN2*AN22)+(AO2*AO22)+(AP2*AP22)+(AQ2*AQ22)+(AR2*AR22)+(AS2*AS22)+(AT2*AT22)+(AU2*AU22)+(AV2*AV22)+(AW2*AW22)+(AX2*AX22)+(AY2*AY22)+(AZ2*AZ22)+(BA2*BA22)+(BB2*BB22)+(BC2*BC22)+(BD2*BD22)+(BE2*BE22)+(BF2*BF22)+(BG2*BG22)+(BH2*BH22)+(BI2*BI22)+(BJ2*BJ22)+(BK2*BK22)+(BL2*BL22)+(BM2*BM22)+(BN2*BN22)+(BO2*BO22)+(BP2*BP22)+(BQ2*BQ22)+(BR2*BR22)+(BS2*BS22)+(BT2*BT22)+(BU2*BU22)+(BV2*BV22)+(BW2*BW22)+(BX2*BX22)+(BY2*BY22)+(BZ2*BZ22)+(CA2*CA22)+(CB2*CB22)+(CC2*CC22)+(CD2*CD22) | L22: =K22-(K22*J22/100) | M22: =ROUND(L22/1.11, 2) | N22: =SUM(P22:CD22) | O22: =COUNTIF(P22:CD22,">0") | P22: 0 | Q22: 0 | R22: 0 | S22: 0 | T22: 0 | U22: 0 | V22: 0 | W22: 0 | X22: 0 | Y22: 0 | Z22: 0 | AA22: 0 | AB22: 0 | AC22: 0 | AD22: 0 | AE22: 0 | AF22: 0 | AG22: 0 | AH22: 0 | AI22: 0 | AJ22: 0 | AK22: 0 | AL22: 0 | AM22: 0 | AN22: 0 | AO22: 0 | AP22: 0 | AQ22: 0 | AR22: 0 | AS22: 0 | AT22: 0 | AU22: 0 | AV22: 0 | AW22: 0 | AX22: 0 | AY22: 0 | AZ22: 0 | BA22: 0 | BB22: 0 | BC22: 0 | BD22: 0 | BE22: 0 | BF22: 0 | BG22: 0 | BH22: 0 | BI22: 0 | BJ22: 0 | BK22: 0 | BL22: 0 | BM22: 0 | BN22: 0 | BO22: 0 | BP22: 0 | BQ22: 0 | BR22: 0 | BS22: 0 | BT22: 0 | BU22: 0 | BV22: 0 | BW22: 0 | BX22: 0 | BY22: 0 | BZ22: 0 | CA22: 0 | CB22: 0 | CC22: 0 | CD22: 0
A23: 21 | B23: 2026-07-04 | C23: 71306762 | D23: SMTR_02 | E23: (1881578437)OSIEN TOKO | F23: WARUNG NOO | G23: WARUNG NOO | H23: Consignment | J23: 10 | K23: =(P2*P23)+(Q2*Q23)+(R2*R23)+(S2*S23)+(T2*T23)+(U2*U23)+(V2*V23)+(W2*W23)+(X2*X23)+(Y2*Y23)+(Z2*Z23)+(AA2*AA23)+(AB2*AB23)+(AC2*AC23)+(AD2*AD23)+(AE2*AE23)+(AF2*AF23)+(AG2*AG23)+(AH2*AH23)+(AI2*AI23)+(AJ2*AJ23)+(AK2*AK23)+(AL2*AL23)+(AM2*AM23)+(AN2*AN23)+(AO2*AO23)+(AP2*AP23)+(AQ2*AQ23)+(AR2*AR23)+(AS2*AS23)+(AT2*AT23)+(AU2*AU23)+(AV2*AV23)+(AW2*AW23)+(AX2*AX23)+(AY2*AY23)+(AZ2*AZ23)+(BA2*BA23)+(BB2*BB23)+(BC2*BC23)+(BD2*BD23)+(BE2*BE23)+(BF2*BF23)+(BG2*BG23)+(BH2*BH23)+(BI2*BI23)+(BJ2*BJ23)+(BK2*BK23)+(BL2*BL23)+(BM2*BM23)+(BN2*BN23)+(BO2*BO23)+(BP2*BP23)+(BQ2*BQ23)+(BR2*BR23)+(BS2*BS23)+(BT2*BT23)+(BU2*BU23)+(BV2*BV23)+(BW2*BW23)+(BX2*BX23)+(BY2*BY23)+(BZ2*BZ23)+(CA2*CA23)+(CB2*CB23)+(CC2*CC23)+(CD2*CD23) | L23: =K23-(K23*J23/100) | M23: =ROUND(L23/1.11, 2) | N23: =SUM(P23:CD23) | O23: =COUNTIF(P23:CD23,">0") | P23: 0 | Q23: 0 | R23: 0 | S23: 0 | T23: 0 | U23: 0 | V23: 0 | W23: 0 | X23: 0 | Y23: 0 | Z23: 0 | AA23: 0 | AB23: 0 | AC23: 0 | AD23: 0 | AE23: 0 | AF23: 0 | AG23: 0 | AH23: 0 | AI23: 0 | AJ23: 0 | AK23: 0 | AL23: 0 | AM23: 0 | AN23: 0 | AO23: 0 | AP23: 0 | AQ23: 0 | AR23: 0 | AS23: 0 | AT23: 0 | AU23: 0 | AV23: 0 | AW23: 0 | AX23: 0 | AY23: 0 | AZ23: 0 | BA23: 0 | BB23: 0 | BC23: 0 | BD23: 0 | BE23: 0 | BF23: 0 | BG23: 0 | BH23: 0 | BI23: 0 | BJ23: 0 | BK23: 0 | BL23: 0 | BM23: 0 | BN23: 0 | BO23: 0 | BP23: 0 | BQ23: 0 | BR23: 0 | BS23: 0 | BT23: 0 | BU23: 0 | BV23: 0 | BW23: 0 | BX23: 0 | BY23: 0 | BZ23: 0 | CA23: 0 | CB23: 0 | CC23: 0 | CD23: 0
A24: 22 | B24: 2026-07-04 | C24: 71306762 | D24: SMTR_02 | E24: (1881578438)SRC 99 TOKO | F24: WARUNG NOO | G24: WARUNG NOO | H24: Consignment | J24: 10 | K24: =(P2*P24)+(Q2*Q24)+(R2*R24)+(S2*S24)+(T2*T24)+(U2*U24)+(V2*V24)+(W2*W24)+(X2*X24)+(Y2*Y24)+(Z2*Z24)+(AA2*AA24)+(AB2*AB24)+(AC2*AC24)+(AD2*AD24)+(AE2*AE24)+(AF2*AF24)+(AG2*AG24)+(AH2*AH24)+(AI2*AI24)+(AJ2*AJ24)+(AK2*AK24)+(AL2*AL24)+(AM2*AM24)+(AN2*AN24)+(AO2*AO24)+(AP2*AP24)+(AQ2*AQ24)+(AR2*AR24)+(AS2*AS24)+(AT2*AT24)+(AU2*AU24)+(AV2*AV24)+(AW2*AW24)+(AX2*AX24)+(AY2*AY24)+(AZ2*AZ24)+(BA2*BA24)+(BB2*BB24)+(BC2*BC24)+(BD2*BD24)+(BE2*BE24)+(BF2*BF24)+(BG2*BG24)+(BH2*BH24)+(BI2*BI24)+(BJ2*BJ24)+(BK2*BK24)+(BL2*BL24)+(BM2*BM24)+(BN2*BN24)+(BO2*BO24)+(BP2*BP24)+(BQ2*BQ24)+(BR2*BR24)+(BS2*BS24)+(BT2*BT24)+(BU2*BU24)+(BV2*BV24)+(BW2*BW24)+(BX2*BX24)+(BY2*BY24)+(BZ2*BZ24)+(CA2*CA24)+(CB2*CB24)+(CC2*CC24)+(CD2*CD24) | L24: =K24-(K24*J24/100) | M24: =ROUND(L24/1.11, 2) | N24: =SUM(P24:CD24) | O24: =COUNTIF(P24:CD24,">0") | P24: 0 | Q24: 0 | R24: 0 | S24: 0 | T24: 0 | U24: 0 | V24: 0 | W24: 0 | X24: 0 | Y24: 0 | Z24: 0 | AA24: 0 | AB24: 0 | AC24: 0 | AD24: 0 | AE24: 0 | AF24: 0 | AG24: 0 | AH24: 0 | AI24: 0 | AJ24: 0 | AK24: 0 | AL24: 0 | AM24: 0 | AN24: 0 | AO24: 0 | AP24: 0 | AQ24: 0 | AR24: 0 | AS24: 0 | AT24: 0 | AU24: 0 | AV24: 0 | AW24: 0 | AX24: 0 | AY24: 0 | AZ24: 0 | BA24: 0 | BB24: 0 | BC24: 0 | BD24: 0 | BE24: 0 | BF24: 0 | BG24: 0 | BH24: 0 | BI24: 0 | BJ24: 0 | BK24: 0 | BL24: 0 | BM24: 0 | BN24: 0 | BO24: 0 | BP24: 0 | BQ24: 0 | BR24: 0 | BS24: 0 | BT24: 0 | BU24: 0 | BV24: 0 | BW24: 0 | BX24: 0 | BY24: 0 | BZ24: 0 | CA24: 0 | CB24: 0 | CC24: 0 | CD24: 0
A25: 23 | B25: 2026-07-04 | C25: 71306762 | D25: SMTR_02 | E25: (1881578439)TOMMY TOKO | F25: WARUNG NOO | G25: WARUNG NOO | H25: Consignment | J25: 10 | K25: =(P2*P25)+(Q2*Q25)+(R2*R25)+(S2*S25)+(T2*T25)+(U2*U25)+(V2*V25)+(W2*W25)+(X2*X25)+(Y2*Y25)+(Z2*Z25)+(AA2*AA25)+(AB2*AB25)+(AC2*AC25)+(AD2*AD25)+(AE2*AE25)+(AF2*AF25)+(AG2*AG25)+(AH2*AH25)+(AI2*AI25)+(AJ2*AJ25)+(AK2*AK25)+(AL2*AL25)+(AM2*AM25)+(AN2*AN25)+(AO2*AO25)+(AP2*AP25)+(AQ2*AQ25)+(AR2*AR25)+(AS2*AS25)+(AT2*AT25)+(AU2*AU25)+(AV2*AV25)+(AW2*AW25)+(AX2*AX25)+(AY2*AY25)+(AZ2*AZ25)+(BA2*BA25)+(BB2*BB25)+(BC2*BC25)+(BD2*BD25)+(BE2*BE25)+(BF2*BF25)+(BG2*BG25)+(BH2*BH25)+(BI2*BI25)+(BJ2*BJ25)+(BK2*BK25)+(BL2*BL25)+(BM2*BM25)+(BN2*BN25)+(BO2*BO25)+(BP2*BP25)+(BQ2*BQ25)+(BR2*BR25)+(BS2*BS25)+(BT2*BT25)+(BU2*BU25)+(BV2*BV25)+(BW2*BW25)+(BX2*BX25)+(BY2*BY25)+(BZ2*BZ25)+(CA2*CA25)+(CB2*CB25)+(CC2*CC25)+(CD2*CD25) | L25: =K25-(K25*J25/100) | M25: =ROUND(L25/1.11, 2) | N25: =SUM(P25:CD25) | O25: =COUNTIF(P25:CD25,">0") | P25: 0 | Q25: 0 | R25: 0 | S25: 0 | T25: 0 | U25: 0 | V25: 0 | W25: 0 | X25: 0 | Y25: 0 | Z25: 0 | AA25: 0 | AB25: 0 | AC25: 0 | AD25: 0 | AE25: 0 | AF25: 0 | AG25: 0 | AH25: 0 | AI25: 0 | AJ25: 0 | AK25: 0 | AL25: 0 | AM25: 0 | AN25: 0 | AO25: 0 | AP25: 0 | AQ25: 0 | AR25: 0 | AS25: 0 | AT25: 0 | AU25: 0 | AV25: 0 | AW25: 0 | AX25: 0 | AY25: 0 | AZ25: 0 | BA25: 0 | BB25: 0 | BC25: 0 | BD25: 0 | BE25: 0 | BF25: 0 | BG25: 0 | BH25: 0 | BI25: 0 | BJ25: 0 | BK25: 0 | BL25: 0 | BM25: 0 | BN25: 0 | BO25: 0 | BP25: 0 | BQ25: 0 | BR25: 0 | BS25: 0 | BT25: 0 | BU25: 0 | BV25: 0 | BW25: 0 | BX25: 0 | BY25: 0 | BZ25: 0 | CA25: 0 | CB25: 0 | CC25: 0 | CD25: 0
A26: 24 | B26: 2026-07-04 | C26: 71306762 | D26: SMTR_02 | E26: (1881578440)TOKO IBRENA | F26: WARUNG NOO | G26: WARUNG NOO | H26: Consignment | J26: 10 | K26: =(P2*P26)+(Q2*Q26)+(R2*R26)+(S2*S26)+(T2*T26)+(U2*U26)+(V2*V26)+(W2*W26)+(X2*X26)+(Y2*Y26)+(Z2*Z26)+(AA2*AA26)+(AB2*AB26)+(AC2*AC26)+(AD2*AD26)+(AE2*AE26)+(AF2*AF26)+(AG2*AG26)+(AH2*AH26)+(AI2*AI26)+(AJ2*AJ26)+(AK2*AK26)+(AL2*AL26)+(AM2*AM26)+(AN2*AN26)+(AO2*AO26)+(AP2*AP26)+(AQ2*AQ26)+(AR2*AR26)+(AS2*AS26)+(AT2*AT26)+(AU2*AU26)+(AV2*AV26)+(AW2*AW26)+(AX2*AX26)+(AY2*AY26)+(AZ2*AZ26)+(BA2*BA26)+(BB2*BB26)+(BC2*BC26)+(BD2*BD26)+(BE2*BE26)+(BF2*BF26)+(BG2*BG26)+(BH2*BH26)+(BI2*BI26)+(BJ2*BJ26)+(BK2*BK26)+(BL2*BL26)+(BM2*BM26)+(BN2*BN26)+(BO2*BO26)+(BP2*BP26)+(BQ2*BQ26)+(BR2*BR26)+(BS2*BS26)+(BT2*BT26)+(BU2*BU26)+(BV2*BV26)+(BW2*BW26)+(BX2*BX26)+(BY2*BY26)+(BZ2*BZ26)+(CA2*CA26)+(CB2*CB26)+(CC2*CC26)+(CD2*CD26) | L26: =K26-(K26*J26/100) | M26: =ROUND(L26/1.11, 2) | N26: =SUM(P26:CD26) | O26: =COUNTIF(P26:CD26,">0") | P26: 0 | Q26: 0 | R26: 0 | S26: 0 | T26: 0 | U26: 0 | V26: 0 | W26: 0 | X26: 0 | Y26: 0 | Z26: 0 | AA26: 0 | AB26: 0 | AC26: 0 | AD26: 0 | AE26: 0 | AF26: 0 | AG26: 0 | AH26: 0 | AI26: 0 | AJ26: 0 | AK26: 0 | AL26: 0 | AM26: 0 | AN26: 0 | AO26: 0 | AP26: 0 | AQ26: 0 | AR26: 0 | AS26: 0 | AT26: 0 | AU26: 0 | AV26: 0 | AW26: 0 | AX26: 0 | AY26: 0 | AZ26: 0 | BA26: 0 | BB26: 0 | BC26: 0 | BD26: 0 | BE26: 0 | BF26: 0 | BG26: 0 | BH26: 0 | BI26: 0 | BJ26: 0 | BK26: 0 | BL26: 0 | BM26: 0 | BN26: 0 | BO26: 0 | BP26: 0 | BQ26: 0 | BR26: 0 | BS26: 0 | BT26: 0 | BU26: 0 | BV26: 0 | BW26: 0 | BX26: 0 | BY26: 0 | BZ26: 0 | CA26: 0 | CB26: 0 | CC26: 0 | CD26: 0
A27: 25 | B27: 2026-07-04 | C27: 71306762 | D27: SMTR_02 | E27: (1881578443)IBU YUYUN WARUNG | F27: WARUNG NOO | G27: WARUNG NOO | H27: Consignment | J27: 10 | K27: =(P2*P27)+(Q2*Q27)+(R2*R27)+(S2*S27)+(T2*T27)+(U2*U27)+(V2*V27)+(W2*W27)+(X2*X27)+(Y2*Y27)+(Z2*Z27)+(AA2*AA27)+(AB2*AB27)+(AC2*AC27)+(AD2*AD27)+(AE2*AE27)+(AF2*AF27)+(AG2*AG27)+(AH2*AH27)+(AI2*AI27)+(AJ2*AJ27)+(AK2*AK27)+(AL2*AL27)+(AM2*AM27)+(AN2*AN27)+(AO2*AO27)+(AP2*AP27)+(AQ2*AQ27)+(AR2*AR27)+(AS2*AS27)+(AT2*AT27)+(AU2*AU27)+(AV2*AV27)+(AW2*AW27)+(AX2*AX27)+(AY2*AY27)+(AZ2*AZ27)+(BA2*BA27)+(BB2*BB27)+(BC2*BC27)+(BD2*BD27)+(BE2*BE27)+(BF2*BF27)+(BG2*BG27)+(BH2*BH27)+(BI2*BI27)+(BJ2*BJ27)+(BK2*BK27)+(BL2*BL27)+(BM2*BM27)+(BN2*BN27)+(BO2*BO27)+(BP2*BP27)+(BQ2*BQ27)+(BR2*BR27)+(BS2*BS27)+(BT2*BT27)+(BU2*BU27)+(BV2*BV27)+(BW2*BW27)+(BX2*BX27)+(BY2*BY27)+(BZ2*BZ27)+(CA2*CA27)+(CB2*CB27)+(CC2*CC27)+(CD2*CD27) | L27: =K27-(K27*J27/100) | M27: =ROUND(L27/1.11, 2) | N27: =SUM(P27:CD27) | O27: =COUNTIF(P27:CD27,">0") | P27: 0 | Q27: 0 | R27: 0 | S27: 0 | T27: 0 | U27: 0 | V27: 0 | W27: 0 | X27: 0 | Y27: 0 | Z27: 0 | AA27: 0 | AB27: 0 | AC27: 0 | AD27: 0 | AE27: 0 | AF27: 0 | AG27: 0 | AH27: 0 | AI27: 0 | AJ27: 0 | AK27: 0 | AL27: 0 | AM27: 0 | AN27: 0 | AO27: 0 | AP27: 0 | AQ27: 0 | AR27: 0 | AS27: 0 | AT27: 0 | AU27: 0 | AV27: 0 | AW27: 0 | AX27: 0 | AY27: 0 | AZ27: 0 | BA27: 0 | BB27: 0 | BC27: 0 | BD27: 0 | BE27: 0 | BF27: 0 | BG27: 0 | BH27: 0 | BI27: 0 | BJ27: 0 | BK27: 0 | BL27: 0 | BM27: 0 | BN27: 0 | BO27: 0 | BP27: 0 | BQ27: 0 | BR27: 0 | BS27: 0 | BT27: 0 | BU27: 0 | BV27: 0 | BW27: 0 | BX27: 0 | BY27: 0 | BZ27: 0 | CA27: 0 | CB27: 0 | CC27: 0 | CD27: 0
A28: 26 | B28: 2026-07-04 | C28: 71306762 | D28: SMTR_02 | E28: (1881578444)ROSDI TOKO | F28: WARUNG NOO | G28: WARUNG NOO | H28: Consignment | J28: 10 | K28: =(P2*P28)+(Q2*Q28)+(R2*R28)+(S2*S28)+(T2*T28)+(U2*U28)+(V2*V28)+(W2*W28)+(X2*X28)+(Y2*Y28)+(Z2*Z28)+(AA2*AA28)+(AB2*AB28)+(AC2*AC28)+(AD2*AD28)+(AE2*AE28)+(AF2*AF28)+(AG2*AG28)+(AH2*AH28)+(AI2*AI28)+(AJ2*AJ28)+(AK2*AK28)+(AL2*AL28)+(AM2*AM28)+(AN2*AN28)+(AO2*AO28)+(AP2*AP28)+(AQ2*AQ28)+(AR2*AR28)+(AS2*AS28)+(AT2*AT28)+(AU2*AU28)+(AV2*AV28)+(AW2*AW28)+(AX2*AX28)+(AY2*AY28)+(AZ2*AZ28)+(BA2*BA28)+(BB2*BB28)+(BC2*BC28)+(BD2*BD28)+(BE2*BE28)+(BF2*BF28)+(BG2*BG28)+(BH2*BH28)+(BI2*BI28)+(BJ2*BJ28)+(BK2*BK28)+(BL2*BL28)+(BM2*BM28)+(BN2*BN28)+(BO2*BO28)+(BP2*BP28)+(BQ2*BQ28)+(BR2*BR28)+(BS2*BS28)+(BT2*BT28)+(BU2*BU28)+(BV2*BV28)+(BW2*BW28)+(BX2*BX28)+(BY2*BY28)+(BZ2*BZ28)+(CA2*CA28)+(CB2*CB28)+(CC2*CC28)+(CD2*CD28) | L28: =K28-(K28*J28/100) | M28: =ROUND(L28/1.11, 2) | N28: =SUM(P28:CD28) | O28: =COUNTIF(P28:CD28,">0") | P28: 0 | Q28: 0 | R28: 0 | S28: 0 | T28: 0 | U28: 0 | V28: 0 | W28: 0 | X28: 0 | Y28: 0 | Z28: 0 | AA28: 0 | AB28: 0 | AC28: 0 | AD28: 0 | AE28: 0 | AF28: 0 | AG28: 0 | AH28: 0 | AI28: 0 | AJ28: 0 | AK28: 0 | AL28: 0 | AM28: 0 | AN28: 0 | AO28: 0 | AP28: 0 | AQ28: 0 | AR28: 0 | AS28: 0 | AT28: 0 | AU28: 0 | AV28: 0 | AW28: 0 | AX28: 0 | AY28: 0 | AZ28: 0 | BA28: 0 | BB28: 0 | BC28: 0 | BD28: 0 | BE28: 0 | BF28: 0 | BG28: 0 | BH28: 0 | BI28: 0 | BJ28: 0 | BK28: 0 | BL28: 0 | BM28: 0 | BN28: 0 | BO28: 0 | BP28: 0 | BQ28: 0 | BR28: 0 | BS28: 0 | BT28: 0 | BU28: 0 | BV28: 0 | BW28: 0 | BX28: 0 | BY28: 0 | BZ28: 0 | CA28: 0 | CB28: 0 | CC28: 0 | CD28: 0
A29: 27 | B29: 2026-07-04 | C29: 71306762 | D29: SMTR_02 | E29: (1881578445)KANAYA TOKO | F29: WARUNG NOO | G29: WARUNG NOO | H29: Consignment | J29: 10 | K29: =(P2*P29)+(Q2*Q29)+(R2*R29)+(S2*S29)+(T2*T29)+(U2*U29)+(V2*V29)+(W2*W29)+(X2*X29)+(Y2*Y29)+(Z2*Z29)+(AA2*AA29)+(AB2*AB29)+(AC2*AC29)+(AD2*AD29)+(AE2*AE29)+(AF2*AF29)+(AG2*AG29)+(AH2*AH29)+(AI2*AI29)+(AJ2*AJ29)+(AK2*AK29)+(AL2*AL29)+(AM2*AM29)+(AN2*AN29)+(AO2*AO29)+(AP2*AP29)+(AQ2*AQ29)+(AR2*AR29)+(AS2*AS29)+(AT2*AT29)+(AU2*AU29)+(AV2*AV29)+(AW2*AW29)+(AX2*AX29)+(AY2*AY29)+(AZ2*AZ29)+(BA2*BA29)+(BB2*BB29)+(BC2*BC29)+(BD2*BD29)+(BE2*BE29)+(BF2*BF29)+(BG2*BG29)+(BH2*BH29)+(BI2*BI29)+(BJ2*BJ29)+(BK2*BK29)+(BL2*BL29)+(BM2*BM29)+(BN2*BN29)+(BO2*BO29)+(BP2*BP29)+(BQ2*BQ29)+(BR2*BR29)+(BS2*BS29)+(BT2*BT29)+(BU2*BU29)+(BV2*BV29)+(BW2*BW29)+(BX2*BX29)+(BY2*BY29)+(BZ2*BZ29)+(CA2*CA29)+(CB2*CB29)+(CC2*CC29)+(CD2*CD29) | L29: =K29-(K29*J29/100) | M29: =ROUND(L29/1.11, 2) | N29: =SUM(P29:CD29) | O29: =COUNTIF(P29:CD29,">0") | P29: 0 | Q29: 0 | R29: 0 | S29: 0 | T29: 0 | U29: 0 | V29: 0 | W29: 0 | X29: 0 | Y29: 0 | Z29: 0 | AA29: 0 | AB29: 0 | AC29: 0 | AD29: 0 | AE29: 0 | AF29: 0 | AG29: 0 | AH29: 0 | AI29: 0 | AJ29: 0 | AK29: 0 | AL29: 0 | AM29: 0 | AN29: 0 | AO29: 0 | AP29: 0 | AQ29: 0 | AR29: 0 | AS29: 0 | AT29: 0 | AU29: 0 | AV29: 0 | AW29: 0 | AX29: 0 | AY29: 0 | AZ29: 0 | BA29: 0 | BB29: 0 | BC29: 0 | BD29: 0 | BE29: 0 | BF29: 0 | BG29: 0 | BH29: 0 | BI29: 0 | BJ29: 0 | BK29: 0 | BL29: 0 | BM29: 0 | BN29: 0 | BO29: 0 | BP29: 0 | BQ29: 0 | BR29: 0 | BS29: 0 | BT29: 0 | BU29: 0 | BV29: 0 | BW29: 0 | BX29: 0 | BY29: 0 | BZ29: 0 | CA29: 0 | CB29: 0 | CC29: 0 | CD29: 0
A30: 28 | B30: 2026-07-04 | C30: 71306762 | D30: SMTR_02 | E30: (1881578738)REPAN TOKO | F30: WARUNG NOO | G30: WARUNG NOO | H30: Consignment | J30: 10 | K30: =(P2*P30)+(Q2*Q30)+(R2*R30)+(S2*S30)+(T2*T30)+(U2*U30)+(V2*V30)+(W2*W30)+(X2*X30)+(Y2*Y30)+(Z2*Z30)+(AA2*AA30)+(AB2*AB30)+(AC2*AC30)+(AD2*AD30)+(AE2*AE30)+(AF2*AF30)+(AG2*AG30)+(AH2*AH30)+(AI2*AI30)+(AJ2*AJ30)+(AK2*AK30)+(AL2*AL30)+(AM2*AM30)+(AN2*AN30)+(AO2*AO30)+(AP2*AP30)+(AQ2*AQ30)+(AR2*AR30)+(AS2*AS30)+(AT2*AT30)+(AU2*AU30)+(AV2*AV30)+(AW2*AW30)+(AX2*AX30)+(AY2*AY30)+(AZ2*AZ30)+(BA2*BA30)+(BB2*BB30)+(BC2*BC30)+(BD2*BD30)+(BE2*BE30)+(BF2*BF30)+(BG2*BG30)+(BH2*BH30)+(BI2*BI30)+(BJ2*BJ30)+(BK2*BK30)+(BL2*BL30)+(BM2*BM30)+(BN2*BN30)+(BO2*BO30)+(BP2*BP30)+(BQ2*BQ30)+(BR2*BR30)+(BS2*BS30)+(BT2*BT30)+(BU2*BU30)+(BV2*BV30)+(BW2*BW30)+(BX2*BX30)+(BY2*BY30)+(BZ2*BZ30)+(CA2*CA30)+(CB2*CB30)+(CC2*CC30)+(CD2*CD30) | L30: =K30-(K30*J30/100) | M30: =ROUND(L30/1.11, 2) | N30: =SUM(P30:CD30) | O30: =COUNTIF(P30:CD30,">0") | P30: 0 | Q30: 0 | R30: 0 | S30: 0 | T30: 0 | U30: 0 | V30: 0 | W30: 0 | X30: 0 | Y30: 0 | Z30: 0 | AA30: 0 | AB30: 0 | AC30: 0 | AD30: 0 | AE30: 0 | AF30: 0 | AG30: 0 | AH30: 0 | AI30: 0 | AJ30: 0 | AK30: 0 | AL30: 0 | AM30: 0 | AN30: 0 | AO30: 0 | AP30: 0 | AQ30: 0 | AR30: 0 | AS30: 0 | AT30: 0 | AU30: 0 | AV30: 0 | AW30: 0 | AX30: 0 | AY30: 0 | AZ30: 0 | BA30: 0 | BB30: 0 | BC30: 0 | BD30: 0 | BE30: 0 | BF30: 0 | BG30: 0 | BH30: 0 | BI30: 0 | BJ30: 0 | BK30: 0 | BL30: 0 | BM30: 0 | BN30: 0 | BO30: 0 | BP30: 0 | BQ30: 0 | BR30: 0 | BS30: 0 | BT30: 0 | BU30: 0 | BV30: 0 | BW30: 0 | BX30: 0 | BY30: 0 | BZ30: 0 | CA30: 0 | CB30: 0 | CC30: 0 | CD30: 0
A31: 29 | B31: 2026-07-04 | C31: 71306762 | D31: SMTR_02 | E31: (1881578739)NAZWA DURIAN | F31: WARUNG NOO | G31: WARUNG NOO | H31: Consignment | J31: 10 | K31: =(P2*P31)+(Q2*Q31)+(R2*R31)+(S2*S31)+(T2*T31)+(U2*U31)+(V2*V31)+(W2*W31)+(X2*X31)+(Y2*Y31)+(Z2*Z31)+(AA2*AA31)+(AB2*AB31)+(AC2*AC31)+(AD2*AD31)+(AE2*AE31)+(AF2*AF31)+(AG2*AG31)+(AH2*AH31)+(AI2*AI31)+(AJ2*AJ31)+(AK2*AK31)+(AL2*AL31)+(AM2*AM31)+(AN2*AN31)+(AO2*AO31)+(AP2*AP31)+(AQ2*AQ31)+(AR2*AR31)+(AS2*AS31)+(AT2*AT31)+(AU2*AU31)+(AV2*AV31)+(AW2*AW31)+(AX2*AX31)+(AY2*AY31)+(AZ2*AZ31)+(BA2*BA31)+(BB2*BB31)+(BC2*BC31)+(BD2*BD31)+(BE2*BE31)+(BF2*BF31)+(BG2*BG31)+(BH2*BH31)+(BI2*BI31)+(BJ2*BJ31)+(BK2*BK31)+(BL2*BL31)+(BM2*BM31)+(BN2*BN31)+(BO2*BO31)+(BP2*BP31)+(BQ2*BQ31)+(BR2*BR31)+(BS2*BS31)+(BT2*BT31)+(BU2*BU31)+(BV2*BV31)+(BW2*BW31)+(BX2*BX31)+(BY2*BY31)+(BZ2*BZ31)+(CA2*CA31)+(CB2*CB31)+(CC2*CC31)+(CD2*CD31) | L31: =K31-(K31*J31/100) | M31: =ROUND(L31/1.11, 2) | N31: =SUM(P31:CD31) | O31: =COUNTIF(P31:CD31,">0") | P31: 0 | Q31: 0 | R31: 0 | S31: 0 | T31: 0 | U31: 0 | V31: 0 | W31: 0 | X31: 0 | Y31: 0 | Z31: 0 | AA31: 0 | AB31: 0 | AC31: 0 | AD31: 0 | AE31: 0 | AF31: 0 | AG31: 0 | AH31: 0 | AI31: 0 | AJ31: 0 | AK31: 0 | AL31: 0 | AM31: 0 | AN31: 0 | AO31: 0 | AP31: 0 | AQ31: 0 | AR31: 0 | AS31: 0 | AT31: 0 | AU31: 0 | AV31: 0 | AW31: 0 | AX31: 0 | AY31: 0 | AZ31: 0 | BA31: 0 | BB31: 0 | BC31: 0 | BD31: 0 | BE31: 0 | BF31: 0 | BG31: 0 | BH31: 0 | BI31: 0 | BJ31: 0 | BK31: 0 | BL31: 0 | BM31: 0 | BN31: 0 | BO31: 0 | BP31: 0 | BQ31: 0 | BR31: 0 | BS31: 0 | BT31: 0 | BU31: 0 | BV31: 0 | BW31: 0 | BX31: 0 | BY31: 0 | BZ31: 0 | CA31: 0 | CB31: 0 | CC31: 0 | CD31: 0
A32: 30 | B32: 2026-07-04 | C32: 71306762 | D32: SMTR_02 | E32: (1881579025)HABIBI TOKO | F32: WARUNG NOO | G32: WARUNG NOO | H32: Consignment | J32: 10 | K32: =(P2*P32)+(Q2*Q32)+(R2*R32)+(S2*S32)+(T2*T32)+(U2*U32)+(V2*V32)+(W2*W32)+(X2*X32)+(Y2*Y32)+(Z2*Z32)+(AA2*AA32)+(AB2*AB32)+(AC2*AC32)+(AD2*AD32)+(AE2*AE32)+(AF2*AF32)+(AG2*AG32)+(AH2*AH32)+(AI2*AI32)+(AJ2*AJ32)+(AK2*AK32)+(AL2*AL32)+(AM2*AM32)+(AN2*AN32)+(AO2*AO32)+(AP2*AP32)+(AQ2*AQ32)+(AR2*AR32)+(AS2*AS32)+(AT2*AT32)+(AU2*AU32)+(AV2*AV32)+(AW2*AW32)+(AX2*AX32)+(AY2*AY32)+(AZ2*AZ32)+(BA2*BA32)+(BB2*BB32)+(BC2*BC32)+(BD2*BD32)+(BE2*BE32)+(BF2*BF32)+(BG2*BG32)+(BH2*BH32)+(BI2*BI32)+(BJ2*BJ32)+(BK2*BK32)+(BL2*BL32)+(BM2*BM32)+(BN2*BN32)+(BO2*BO32)+(BP2*BP32)+(BQ2*BQ32)+(BR2*BR32)+(BS2*BS32)+(BT2*BT32)+(BU2*BU32)+(BV2*BV32)+(BW2*BW32)+(BX2*BX32)+(BY2*BY32)+(BZ2*BZ32)+(CA2*CA32)+(CB2*CB32)+(CC2*CC32)+(CD2*CD32) | L32: =K32-(K32*J32/100) | M32: =ROUND(L32/1.11, 2) | N32: =SUM(P32:CD32) | O32: =COUNTIF(P32:CD32,">0") | P32: 0 | Q32: 0 | R32: 0 | S32: 0 | T32: 0 | U32: 0 | V32: 0 | W32: 0 | X32: 0 | Y32: 0 | Z32: 0 | AA32: 0 | AB32: 0 | AC32: 0 | AD32: 0 | AE32: 0 | AF32: 0 | AG32: 0 | AH32: 0 | AI32: 0 | AJ32: 0 | AK32: 0 | AL32: 0 | AM32: 0 | AN32: 0 | AO32: 0 | AP32: 0 | AQ32: 0 | AR32: 0 | AS32: 0 | AT32: 0 | AU32: 0 | AV32: 0 | AW32: 0 | AX32: 0 | AY32: 0 | AZ32: 0 | BA32: 0 | BB32: 0 | BC32: 0 | BD32: 0 | BE32: 0 | BF32: 0 | BG32: 0 | BH32: 0 | BI32: 0 | BJ32: 0 | BK32: 0 | BL32: 0 | BM32: 0 | BN32: 0 | BO32: 0 | BP32: 0 | BQ32: 0 | BR32: 0 | BS32: 0 | BT32: 0 | BU32: 0 | BV32: 0 | BW32: 0 | BX32: 0 | BY32: 0 | BZ32: 0 | CA32: 0 | CB32: 0 | CC32: 0 | CD32: 0
A33: 31 | B33: 2026-07-04 | C33: 71306762 | D33: SMTR_02 | E33: (1881580355)WARUNG SULE | F33: WARUNG NOO | G33: WARUNG NOO | H33: Consignment | J33: 10 | K33: =(P2*P33)+(Q2*Q33)+(R2*R33)+(S2*S33)+(T2*T33)+(U2*U33)+(V2*V33)+(W2*W33)+(X2*X33)+(Y2*Y33)+(Z2*Z33)+(AA2*AA33)+(AB2*AB33)+(AC2*AC33)+(AD2*AD33)+(AE2*AE33)+(AF2*AF33)+(AG2*AG33)+(AH2*AH33)+(AI2*AI33)+(AJ2*AJ33)+(AK2*AK33)+(AL2*AL33)+(AM2*AM33)+(AN2*AN33)+(AO2*AO33)+(AP2*AP33)+(AQ2*AQ33)+(AR2*AR33)+(AS2*AS33)+(AT2*AT33)+(AU2*AU33)+(AV2*AV33)+(AW2*AW33)+(AX2*AX33)+(AY2*AY33)+(AZ2*AZ33)+(BA2*BA33)+(BB2*BB33)+(BC2*BC33)+(BD2*BD33)+(BE2*BE33)+(BF2*BF33)+(BG2*BG33)+(BH2*BH33)+(BI2*BI33)+(BJ2*BJ33)+(BK2*BK33)+(BL2*BL33)+(BM2*BM33)+(BN2*BN33)+(BO2*BO33)+(BP2*BP33)+(BQ2*BQ33)+(BR2*BR33)+(BS2*BS33)+(BT2*BT33)+(BU2*BU33)+(BV2*BV33)+(BW2*BW33)+(BX2*BX33)+(BY2*BY33)+(BZ2*BZ33)+(CA2*CA33)+(CB2*CB33)+(CC2*CC33)+(CD2*CD33) | L33: =K33-(K33*J33/100) | M33: =ROUND(L33/1.11, 2) | N33: =SUM(P33:CD33) | O33: =COUNTIF(P33:CD33,">0") | P33: 0 | Q33: 0 | R33: 0 | S33: 0 | T33: 0 | U33: 0 | V33: 0 | W33: 0 | X33: 0 | Y33: 0 | Z33: 0 | AA33: 0 | AB33: 0 | AC33: 0 | AD33: 0 | AE33: 0 | AF33: 0 | AG33: 0 | AH33: 0 | AI33: 0 | AJ33: 0 | AK33: 0 | AL33: 0 | AM33: 0 | AN33: 0 | AO33: 0 | AP33: 0 | AQ33: 0 | AR33: 0 | AS33: 0 | AT33: 0 | AU33: 0 | AV33: 0 | AW33: 0 | AX33: 0 | AY33: 0 | AZ33: 0 | BA33: 0 | BB33: 0 | BC33: 0 | BD33: 0 | BE33: 0 | BF33: 0 | BG33: 0 | BH33: 0 | BI33: 0 | BJ33: 0 | BK33: 0 | BL33: 0 | BM33: 0 | BN33: 0 | BO33: 0 | BP33: 0 | BQ33: 0 | BR33: 0 | BS33: 0 | BT33: 0 | BU33: 0 | BV33: 0 | BW33: 0 | BX33: 0 | BY33: 0 | BZ33: 0 | CA33: 0 | CB33: 0 | CC33: 0 | CD33: 0
A34: 32 | B34: 2026-07-04 | C34: 71306762 | D34: SMTR_02 | E34: (1881583376)TOKO IBU INI | F34: MTI NOO | G34: MTI NOO | H34: Consignment | J34: 10 | K34: =(P2*P34)+(Q2*Q34)+(R2*R34)+(S2*S34)+(T2*T34)+(U2*U34)+(V2*V34)+(W2*W34)+(X2*X34)+(Y2*Y34)+(Z2*Z34)+(AA2*AA34)+(AB2*AB34)+(AC2*AC34)+(AD2*AD34)+(AE2*AE34)+(AF2*AF34)+(AG2*AG34)+(AH2*AH34)+(AI2*AI34)+(AJ2*AJ34)+(AK2*AK34)+(AL2*AL34)+(AM2*AM34)+(AN2*AN34)+(AO2*AO34)+(AP2*AP34)+(AQ2*AQ34)+(AR2*AR34)+(AS2*AS34)+(AT2*AT34)+(AU2*AU34)+(AV2*AV34)+(AW2*AW34)+(AX2*AX34)+(AY2*AY34)+(AZ2*AZ34)+(BA2*BA34)+(BB2*BB34)+(BC2*BC34)+(BD2*BD34)+(BE2*BE34)+(BF2*BF34)+(BG2*BG34)+(BH2*BH34)+(BI2*BI34)+(BJ2*BJ34)+(BK2*BK34)+(BL2*BL34)+(BM2*BM34)+(BN2*BN34)+(BO2*BO34)+(BP2*BP34)+(BQ2*BQ34)+(BR2*BR34)+(BS2*BS34)+(BT2*BT34)+(BU2*BU34)+(BV2*BV34)+(BW2*BW34)+(BX2*BX34)+(BY2*BY34)+(BZ2*BZ34)+(CA2*CA34)+(CB2*CB34)+(CC2*CC34)+(CD2*CD34) | L34: =K34-(K34*J34/100) | M34: =ROUND(L34/1.11, 2) | N34: =SUM(P34:CD34) | O34: =COUNTIF(P34:CD34,">0") | P34: 0 | Q34: 0 | R34: 0 | S34: 0 | T34: 0 | U34: 0 | V34: 0 | W34: 0 | X34: 0 | Y34: 0 | Z34: 0 | AA34: 0 | AB34: 0 | AC34: 0 | AD34: 0 | AE34: 0 | AF34: 0 | AG34: 0 | AH34: 0 | AI34: 0 | AJ34: 0 | AK34: 0 | AL34: 0 | AM34: 0 | AN34: 0 | AO34: 0 | AP34: 0 | AQ34: 0 | AR34: 0 | AS34: 0 | AT34: 0 | AU34: 0 | AV34: 0 | AW34: 0 | AX34: 0 | AY34: 0 | AZ34: 0 | BA34: 0 | BB34: 0 | BC34: 0 | BD34: 0 | BE34: 0 | BF34: 0 | BG34: 0 | BH34: 0 | BI34: 0 | BJ34: 0 | BK34: 0 | BL34: 0 | BM34: 0 | BN34: 0 | BO34: 0 | BP34: 0 | BQ34: 0 | BR34: 0 | BS34: 0 | BT34: 0 | BU34: 0 | BV34: 0 | BW34: 0 | BX34: 0 | BY34: 0 | BZ34: 0 | CA34: 0 | CB34: 0 | CC34: 0 | CD34: 0
A35: 33 | B35: 2026-07-04 | C35: 71306762 | D35: SMTR_02 | E35: (1881586941)SRC SUKOCO 99 TOKO | F35: WARUNG NOO | G35: WARUNG NOO | H35: Consignment | J35: 10 | K35: =(P2*P35)+(Q2*Q35)+(R2*R35)+(S2*S35)+(T2*T35)+(U2*U35)+(V2*V35)+(W2*W35)+(X2*X35)+(Y2*Y35)+(Z2*Z35)+(AA2*AA35)+(AB2*AB35)+(AC2*AC35)+(AD2*AD35)+(AE2*AE35)+(AF2*AF35)+(AG2*AG35)+(AH2*AH35)+(AI2*AI35)+(AJ2*AJ35)+(AK2*AK35)+(AL2*AL35)+(AM2*AM35)+(AN2*AN35)+(AO2*AO35)+(AP2*AP35)+(AQ2*AQ35)+(AR2*AR35)+(AS2*AS35)+(AT2*AT35)+(AU2*AU35)+(AV2*AV35)+(AW2*AW35)+(AX2*AX35)+(AY2*AY35)+(AZ2*AZ35)+(BA2*BA35)+(BB2*BB35)+(BC2*BC35)+(BD2*BD35)+(BE2*BE35)+(BF2*BF35)+(BG2*BG35)+(BH2*BH35)+(BI2*BI35)+(BJ2*BJ35)+(BK2*BK35)+(BL2*BL35)+(BM2*BM35)+(BN2*BN35)+(BO2*BO35)+(BP2*BP35)+(BQ2*BQ35)+(BR2*BR35)+(BS2*BS35)+(BT2*BT35)+(BU2*BU35)+(BV2*BV35)+(BW2*BW35)+(BX2*BX35)+(BY2*BY35)+(BZ2*BZ35)+(CA2*CA35)+(CB2*CB35)+(CC2*CC35)+(CD2*CD35) | L35: =K35-(K35*J35/100) | M35: =ROUND(L35/1.11, 2) | N35: =SUM(P35:CD35) | O35: =COUNTIF(P35:CD35,">0") | P35: 0 | Q35: 0 | R35: 0 | S35: 0 | T35: 0 | U35: 0 | V35: 0 | W35: 0 | X35: 0 | Y35: 0 | Z35: 0 | AA35: 0 | AB35: 0 | AC35: 0 | AD35: 0 | AE35: 0 | AF35: 0 | AG35: 0 | AH35: 0 | AI35: 0 | AJ35: 0 | AK35: 0 | AL35: 0 | AM35: 0 | AN35: 0 | AO35: 0 | AP35: 0 | AQ35: 0 | AR35: 0 | AS35: 0 | AT35: 0 | AU35: 0 | AV35: 0 | AW35: 0 | AX35: 0 | AY35: 0 | AZ35: 0 | BA35: 0 | BB35: 0 | BC35: 0 | BD35: 0 | BE35: 0 | BF35: 0 | BG35: 0 | BH35: 0 | BI35: 0 | BJ35: 0 | BK35: 0 | BL35: 0 | BM35: 0 | BN35: 0 | BO35: 0 | BP35: 0 | BQ35: 0 | BR35: 0 | BS35: 0 | BT35: 0 | BU35: 0 | BV35: 0 | BW35: 0 | BX35: 0 | BY35: 0 | BZ35: 0 | CA35: 0 | CB35: 0 | CC35: 0 | CD35: 0
A36: 34 | B36: 2026-07-04 | C36: 71306762 | D36: SMTR_02 | E36: (1881586943)Samudra TOKO | F36: WARUNG NOO | G36: WARUNG NOO | H36: Consignment | J36: 10 | K36: =(P2*P36)+(Q2*Q36)+(R2*R36)+(S2*S36)+(T2*T36)+(U2*U36)+(V2*V36)+(W2*W36)+(X2*X36)+(Y2*Y36)+(Z2*Z36)+(AA2*AA36)+(AB2*AB36)+(AC2*AC36)+(AD2*AD36)+(AE2*AE36)+(AF2*AF36)+(AG2*AG36)+(AH2*AH36)+(AI2*AI36)+(AJ2*AJ36)+(AK2*AK36)+(AL2*AL36)+(AM2*AM36)+(AN2*AN36)+(AO2*AO36)+(AP2*AP36)+(AQ2*AQ36)+(AR2*AR36)+(AS2*AS36)+(AT2*AT36)+(AU2*AU36)+(AV2*AV36)+(AW2*AW36)+(AX2*AX36)+(AY2*AY36)+(AZ2*AZ36)+(BA2*BA36)+(BB2*BB36)+(BC2*BC36)+(BD2*BD36)+(BE2*BE36)+(BF2*BF36)+(BG2*BG36)+(BH2*BH36)+(BI2*BI36)+(BJ2*BJ36)+(BK2*BK36)+(BL2*BL36)+(BM2*BM36)+(BN2*BN36)+(BO2*BO36)+(BP2*BP36)+(BQ2*BQ36)+(BR2*BR36)+(BS2*BS36)+(BT2*BT36)+(BU2*BU36)+(BV2*BV36)+(BW2*BW36)+(BX2*BX36)+(BY2*BY36)+(BZ2*BZ36)+(CA2*CA36)+(CB2*CB36)+(CC2*CC36)+(CD2*CD36) | L36: =K36-(K36*J36/100) | M36: =ROUND(L36/1.11, 2) | N36: =SUM(P36:CD36) | O36: =COUNTIF(P36:CD36,">0") | P36: 0 | Q36: 0 | R36: 0 | S36: 0 | T36: 0 | U36: 0 | V36: 0 | W36: 0 | X36: 0 | Y36: 0 | Z36: 0 | AA36: 0 | AB36: 0 | AC36: 0 | AD36: 0 | AE36: 0 | AF36: 0 | AG36: 0 | AH36: 0 | AI36: 0 | AJ36: 0 | AK36: 0 | AL36: 0 | AM36: 0 | AN36: 0 | AO36: 0 | AP36: 0 | AQ36: 0 | AR36: 0 | AS36: 0 | AT36: 0 | AU36: 0 | AV36: 0 | AW36: 0 | AX36: 0 | AY36: 0 | AZ36: 0 | BA36: 0 | BB36: 0 | BC36: 0 | BD36: 0 | BE36: 0 | BF36: 0 | BG36: 0 | BH36: 0 | BI36: 0 | BJ36: 0 | BK36: 0 | BL36: 0 | BM36: 0 | BN36: 0 | BO36: 0 | BP36: 0 | BQ36: 0 | BR36: 0 | BS36: 0 | BT36: 0 | BU36: 0 | BV36: 0 | BW36: 0 | BX36: 0 | BY36: 0 | BZ36: 0 | CA36: 0 | CB36: 0 | CC36: 0 | CD36: 0
A37: 35 | B37: 2026-07-04 | C37: 71306762 | D37: SMTR_02 | E37: (1881586947)NISA TOKO | F37: WARUNG NOO | G37: WARUNG NOO | H37: Consignment | J37: 10 | K37: =(P2*P37)+(Q2*Q37)+(R2*R37)+(S2*S37)+(T2*T37)+(U2*U37)+(V2*V37)+(W2*W37)+(X2*X37)+(Y2*Y37)+(Z2*Z37)+(AA2*AA37)+(AB2*AB37)+(AC2*AC37)+(AD2*AD37)+(AE2*AE37)+(AF2*AF37)+(AG2*AG37)+(AH2*AH37)+(AI2*AI37)+(AJ2*AJ37)+(AK2*AK37)+(AL2*AL37)+(AM2*AM37)+(AN2*AN37)+(AO2*AO37)+(AP2*AP37)+(AQ2*AQ37)+(AR2*AR37)+(AS2*AS37)+(AT2*AT37)+(AU2*AU37)+(AV2*AV37)+(AW2*AW37)+(AX2*AX37)+(AY2*AY37)+(AZ2*AZ37)+(BA2*BA37)+(BB2*BB37)+(BC2*BC37)+(BD2*BD37)+(BE2*BE37)+(BF2*BF37)+(BG2*BG37)+(BH2*BH37)+(BI2*BI37)+(BJ2*BJ37)+(BK2*BK37)+(BL2*BL37)+(BM2*BM37)+(BN2*BN37)+(BO2*BO37)+(BP2*BP37)+(BQ2*BQ37)+(BR2*BR37)+(BS2*BS37)+(BT2*BT37)+(BU2*BU37)+(BV2*BV37)+(BW2*BW37)+(BX2*BX37)+(BY2*BY37)+(BZ2*BZ37)+(CA2*CA37)+(CB2*CB37)+(CC2*CC37)+(CD2*CD37) | L37: =K37-(K37*J37/100) | M37: =ROUND(L37/1.11, 2) | N37: =SUM(P37:CD37) | O37: =COUNTIF(P37:CD37,">0") | P37: 0 | Q37: 0 | R37: 0 | S37: 0 | T37: 0 | U37: 0 | V37: 0 | W37: 0 | X37: 0 | Y37: 0 | Z37: 0 | AA37: 0 | AB37: 0 | AC37: 0 | AD37: 0 | AE37: 0 | AF37: 0 | AG37: 0 | AH37: 0 | AI37: 0 | AJ37: 0 | AK37: 0 | AL37: 0 | AM37: 0 | AN37: 0 | AO37: 0 | AP37: 0 | AQ37: 0 | AR37: 0 | AS37: 0 | AT37: 0 | AU37: 0 | AV37: 0 | AW37: 0 | AX37: 0 | AY37: 0 | AZ37: 0 | BA37: 0 | BB37: 0 | BC37: 0 | BD37: 0 | BE37: 0 | BF37: 0 | BG37: 0 | BH37: 0 | BI37: 0 | BJ37: 0 | BK37: 0 | BL37: 0 | BM37: 0 | BN37: 0 | BO37: 0 | BP37: 0 | BQ37: 0 | BR37: 0 | BS37: 0 | BT37: 0 | BU37: 0 | BV37: 0 | BW37: 0 | BX37: 0 | BY37: 0 | BZ37: 0 | CA37: 0 | CB37: 0 | CC37: 0 | CD37: 0
A38: 36 | B38: 2026-07-04 | C38: 71306762 | D38: SMTR_02 | E38: (1881587628)FAHRA TOKO | F38: WARUNG NOO | G38: WARUNG NOO | H38: Consignment | J38: 10 | K38: =(P2*P38)+(Q2*Q38)+(R2*R38)+(S2*S38)+(T2*T38)+(U2*U38)+(V2*V38)+(W2*W38)+(X2*X38)+(Y2*Y38)+(Z2*Z38)+(AA2*AA38)+(AB2*AB38)+(AC2*AC38)+(AD2*AD38)+(AE2*AE38)+(AF2*AF38)+(AG2*AG38)+(AH2*AH38)+(AI2*AI38)+(AJ2*AJ38)+(AK2*AK38)+(AL2*AL38)+(AM2*AM38)+(AN2*AN38)+(AO2*AO38)+(AP2*AP38)+(AQ2*AQ38)+(AR2*AR38)+(AS2*AS38)+(AT2*AT38)+(AU2*AU38)+(AV2*AV38)+(AW2*AW38)+(AX2*AX38)+(AY2*AY38)+(AZ2*AZ38)+(BA2*BA38)+(BB2*BB38)+(BC2*BC38)+(BD2*BD38)+(BE2*BE38)+(BF2*BF38)+(BG2*BG38)+(BH2*BH38)+(BI2*BI38)+(BJ2*BJ38)+(BK2*BK38)+(BL2*BL38)+(BM2*BM38)+(BN2*BN38)+(BO2*BO38)+(BP2*BP38)+(BQ2*BQ38)+(BR2*BR38)+(BS2*BS38)+(BT2*BT38)+(BU2*BU38)+(BV2*BV38)+(BW2*BW38)+(BX2*BX38)+(BY2*BY38)+(BZ2*BZ38)+(CA2*CA38)+(CB2*CB38)+(CC2*CC38)+(CD2*CD38) | L38: =K38-(K38*J38/100) | M38: =ROUND(L38/1.11, 2) | N38: =SUM(P38:CD38) | O38: =COUNTIF(P38:CD38,">0") | P38: 0 | Q38: 0 | R38: 0 | S38: 0 | T38: 0 | U38: 0 | V38: 0 | W38: 0 | X38: 0 | Y38: 0 | Z38: 0 | AA38: 0 | AB38: 0 | AC38: 0 | AD38: 0 | AE38: 0 | AF38: 0 | AG38: 0 | AH38: 0 | AI38: 0 | AJ38: 0 | AK38: 0 | AL38: 0 | AM38: 0 | AN38: 0 | AO38: 0 | AP38: 0 | AQ38: 0 | AR38: 0 | AS38: 0 | AT38: 0 | AU38: 0 | AV38: 0 | AW38: 0 | AX38: 0 | AY38: 0 | AZ38: 0 | BA38: 0 | BB38: 0 | BC38: 0 | BD38: 0 | BE38: 0 | BF38: 0 | BG38: 0 | BH38: 0 | BI38: 0 | BJ38: 0 | BK38: 0 | BL38: 0 | BM38: 0 | BN38: 0 | BO38: 0 | BP38: 0 | BQ38: 0 | BR38: 0 | BS38: 0 | BT38: 0 | BU38: 0 | BV38: 0 | BW38: 0 | BX38: 0 | BY38: 0 | BZ38: 0 | CA38: 0 | CB38: 0 | CC38: 0 | CD38: 0
A39: 37 | B39: 2026-07-04 | C39: 71306762 | D39: SMTR_02 | E39: (1881587655)SRC IBU ADE TOKO | F39: WARUNG NOO | G39: WARUNG NOO | H39: Consignment | J39: 10 | K39: =(P2*P39)+(Q2*Q39)+(R2*R39)+(S2*S39)+(T2*T39)+(U2*U39)+(V2*V39)+(W2*W39)+(X2*X39)+(Y2*Y39)+(Z2*Z39)+(AA2*AA39)+(AB2*AB39)+(AC2*AC39)+(AD2*AD39)+(AE2*AE39)+(AF2*AF39)+(AG2*AG39)+(AH2*AH39)+(AI2*AI39)+(AJ2*AJ39)+(AK2*AK39)+(AL2*AL39)+(AM2*AM39)+(AN2*AN39)+(AO2*AO39)+(AP2*AP39)+(AQ2*AQ39)+(AR2*AR39)+(AS2*AS39)+(AT2*AT39)+(AU2*AU39)+(AV2*AV39)+(AW2*AW39)+(AX2*AX39)+(AY2*AY39)+(AZ2*AZ39)+(BA2*BA39)+(BB2*BB39)+(BC2*BC39)+(BD2*BD39)+(BE2*BE39)+(BF2*BF39)+(BG2*BG39)+(BH2*BH39)+(BI2*BI39)+(BJ2*BJ39)+(BK2*BK39)+(BL2*BL39)+(BM2*BM39)+(BN2*BN39)+(BO2*BO39)+(BP2*BP39)+(BQ2*BQ39)+(BR2*BR39)+(BS2*BS39)+(BT2*BT39)+(BU2*BU39)+(BV2*BV39)+(BW2*BW39)+(BX2*BX39)+(BY2*BY39)+(BZ2*BZ39)+(CA2*CA39)+(CB2*CB39)+(CC2*CC39)+(CD2*CD39) | L39: =K39-(K39*J39/100) | M39: =ROUND(L39/1.11, 2) | N39: =SUM(P39:CD39) | O39: =COUNTIF(P39:CD39,">0") | P39: 0 | Q39: 0 | R39: 0 | S39: 0 | T39: 0 | U39: 0 | V39: 0 | W39: 0 | X39: 0 | Y39: 0 | Z39: 0 | AA39: 0 | AB39: 0 | AC39: 0 | AD39: 0 | AE39: 0 | AF39: 0 | AG39: 0 | AH39: 0 | AI39: 0 | AJ39: 0 | AK39: 0 | AL39: 0 | AM39: 0 | AN39: 0 | AO39: 0 | AP39: 0 | AQ39: 0 | AR39: 0 | AS39: 0 | AT39: 0 | AU39: 0 | AV39: 0 | AW39: 0 | AX39: 0 | AY39: 0 | AZ39: 0 | BA39: 0 | BB39: 0 | BC39: 0 | BD39: 0 | BE39: 0 | BF39: 0 | BG39: 0 | BH39: 0 | BI39: 0 | BJ39: 0 | BK39: 0 | BL39: 0 | BM39: 0 | BN39: 0 | BO39: 0 | BP39: 0 | BQ39: 0 | BR39: 0 | BS39: 0 | BT39: 0 | BU39: 0 | BV39: 0 | BW39: 0 | BX39: 0 | BY39: 0 | BZ39: 0 | CA39: 0 | CB39: 0 | CC39: 0 | CD39: 0
A40: 38 | B40: 2026-07-04 | C40: 71306762 | D40: SMTR_02 | E40: (1881588713)MUTIARA BERKAH TOKO | F40: WARUNG NOO | G40: WARUNG NOO | H40: Consignment | J40: 10 | K40: =(P2*P40)+(Q2*Q40)+(R2*R40)+(S2*S40)+(T2*T40)+(U2*U40)+(V2*V40)+(W2*W40)+(X2*X40)+(Y2*Y40)+(Z2*Z40)+(AA2*AA40)+(AB2*AB40)+(AC2*AC40)+(AD2*AD40)+(AE2*AE40)+(AF2*AF40)+(AG2*AG40)+(AH2*AH40)+(AI2*AI40)+(AJ2*AJ40)+(AK2*AK40)+(AL2*AL40)+(AM2*AM40)+(AN2*AN40)+(AO2*AO40)+(AP2*AP40)+(AQ2*AQ40)+(AR2*AR40)+(AS2*AS40)+(AT2*AT40)+(AU2*AU40)+(AV2*AV40)+(AW2*AW40)+(AX2*AX40)+(AY2*AY40)+(AZ2*AZ40)+(BA2*BA40)+(BB2*BB40)+(BC2*BC40)+(BD2*BD40)+(BE2*BE40)+(BF2*BF40)+(BG2*BG40)+(BH2*BH40)+(BI2*BI40)+(BJ2*BJ40)+(BK2*BK40)+(BL2*BL40)+(BM2*BM40)+(BN2*BN40)+(BO2*BO40)+(BP2*BP40)+(BQ2*BQ40)+(BR2*BR40)+(BS2*BS40)+(BT2*BT40)+(BU2*BU40)+(BV2*BV40)+(BW2*BW40)+(BX2*BX40)+(BY2*BY40)+(BZ2*BZ40)+(CA2*CA40)+(CB2*CB40)+(CC2*CC40)+(CD2*CD40) | L40: =K40-(K40*J40/100) | M40: =ROUND(L40/1.11, 2) | N40: =SUM(P40:CD40) | O40: =COUNTIF(P40:CD40,">0") | P40: 0 | Q40: 0 | R40: 0 | S40: 0 | T40: 0 | U40: 0 | V40: 0 | W40: 0 | X40: 0 | Y40: 0 | Z40: 0 | AA40: 0 | AB40: 0 | AC40: 0 | AD40: 0 | AE40: 0 | AF40: 0 | AG40: 0 | AH40: 0 | AI40: 0 | AJ40: 0 | AK40: 0 | AL40: 0 | AM40: 0 | AN40: 0 | AO40: 0 | AP40: 0 | AQ40: 0 | AR40: 0 | AS40: 0 | AT40: 0 | AU40: 0 | AV40: 0 | AW40: 0 | AX40: 0 | AY40: 0 | AZ40: 0 | BA40: 0 | BB40: 0 | BC40: 0 | BD40: 0 | BE40: 0 | BF40: 0 | BG40: 0 | BH40: 0 | BI40: 0 | BJ40: 0 | BK40: 0 | BL40: 0 | BM40: 0 | BN40: 0 | BO40: 0 | BP40: 0 | BQ40: 0 | BR40: 0 | BS40: 0 | BT40: 0 | BU40: 0 | BV40: 0 | BW40: 0 | BX40: 0 | BY40: 0 | BZ40: 0 | CA40: 0 | CB40: 0 | CC40: 0 | CD40: 0
A41: 39 | B41: 2026-07-04 | C41: 71306762 | D41: SMTR_02 | E41: (1881588724)TOKO SRC HASAN | F41: WARUNG NOO | G41: WARUNG NOO | H41: Consignment | J41: 10 | K41: =(P2*P41)+(Q2*Q41)+(R2*R41)+(S2*S41)+(T2*T41)+(U2*U41)+(V2*V41)+(W2*W41)+(X2*X41)+(Y2*Y41)+(Z2*Z41)+(AA2*AA41)+(AB2*AB41)+(AC2*AC41)+(AD2*AD41)+(AE2*AE41)+(AF2*AF41)+(AG2*AG41)+(AH2*AH41)+(AI2*AI41)+(AJ2*AJ41)+(AK2*AK41)+(AL2*AL41)+(AM2*AM41)+(AN2*AN41)+(AO2*AO41)+(AP2*AP41)+(AQ2*AQ41)+(AR2*AR41)+(AS2*AS41)+(AT2*AT41)+(AU2*AU41)+(AV2*AV41)+(AW2*AW41)+(AX2*AX41)+(AY2*AY41)+(AZ2*AZ41)+(BA2*BA41)+(BB2*BB41)+(BC2*BC41)+(BD2*BD41)+(BE2*BE41)+(BF2*BF41)+(BG2*BG41)+(BH2*BH41)+(BI2*BI41)+(BJ2*BJ41)+(BK2*BK41)+(BL2*BL41)+(BM2*BM41)+(BN2*BN41)+(BO2*BO41)+(BP2*BP41)+(BQ2*BQ41)+(BR2*BR41)+(BS2*BS41)+(BT2*BT41)+(BU2*BU41)+(BV2*BV41)+(BW2*BW41)+(BX2*BX41)+(BY2*BY41)+(BZ2*BZ41)+(CA2*CA41)+(CB2*CB41)+(CC2*CC41)+(CD2*CD41) | L41: =K41-(K41*J41/100) | M41: =ROUND(L41/1.11, 2) | N41: =SUM(P41:CD41) | O41: =COUNTIF(P41:CD41,">0") | P41: 0 | Q41: 0 | R41: 0 | S41: 0 | T41: 0 | U41: 0 | V41: 0 | W41: 0 | X41: 0 | Y41: 0 | Z41: 0 | AA41: 0 | AB41: 0 | AC41: 0 | AD41: 0 | AE41: 0 | AF41: 0 | AG41: 0 | AH41: 0 | AI41: 0 | AJ41: 0 | AK41: 0 | AL41: 0 | AM41: 0 | AN41: 0 | AO41: 0 | AP41: 0 | AQ41: 0 | AR41: 0 | AS41: 0 | AT41: 0 | AU41: 0 | AV41: 0 | AW41: 0 | AX41: 0 | AY41: 0 | AZ41: 0 | BA41: 0 | BB41: 0 | BC41: 0 | BD41: 0 | BE41: 0 | BF41: 0 | BG41: 0 | BH41: 0 | BI41: 0 | BJ41: 0 | BK41: 0 | BL41: 0 | BM41: 0 | BN41: 0 | BO41: 0 | BP41: 0 | BQ41: 0 | BR41: 0 | BS41: 0 | BT41: 0 | BU41: 0 | BV41: 0 | BW41: 0 | BX41: 0 | BY41: 0 | BZ41: 0 | CA41: 0 | CB41: 0 | CC41: 0 | CD41: 0
A42: 40 | B42: 2026-07-04 | C42: 71306762 | D42: SMTR_02 | E42: (1881590536)WARUNG MAS KARYO | F42: WARUNG NOO | G42: WARUNG NOO | H42: Consignment | J42: 10 | K42: =(P2*P42)+(Q2*Q42)+(R2*R42)+(S2*S42)+(T2*T42)+(U2*U42)+(V2*V42)+(W2*W42)+(X2*X42)+(Y2*Y42)+(Z2*Z42)+(AA2*AA42)+(AB2*AB42)+(AC2*AC42)+(AD2*AD42)+(AE2*AE42)+(AF2*AF42)+(AG2*AG42)+(AH2*AH42)+(AI2*AI42)+(AJ2*AJ42)+(AK2*AK42)+(AL2*AL42)+(AM2*AM42)+(AN2*AN42)+(AO2*AO42)+(AP2*AP42)+(AQ2*AQ42)+(AR2*AR42)+(AS2*AS42)+(AT2*AT42)+(AU2*AU42)+(AV2*AV42)+(AW2*AW42)+(AX2*AX42)+(AY2*AY42)+(AZ2*AZ42)+(BA2*BA42)+(BB2*BB42)+(BC2*BC42)+(BD2*BD42)+(BE2*BE42)+(BF2*BF42)+(BG2*BG42)+(BH2*BH42)+(BI2*BI42)+(BJ2*BJ42)+(BK2*BK42)+(BL2*BL42)+(BM2*BM42)+(BN2*BN42)+(BO2*BO42)+(BP2*BP42)+(BQ2*BQ42)+(BR2*BR42)+(BS2*BS42)+(BT2*BT42)+(BU2*BU42)+(BV2*BV42)+(BW2*BW42)+(BX2*BX42)+(BY2*BY42)+(BZ2*BZ42)+(CA2*CA42)+(CB2*CB42)+(CC2*CC42)+(CD2*CD42) | L42: =K42-(K42*J42/100) | M42: =ROUND(L42/1.11, 2) | N42: =SUM(P42:CD42) | O42: =COUNTIF(P42:CD42,">0") | P42: 0 | Q42: 0 | R42: 0 | S42: 0 | T42: 0 | U42: 0 | V42: 0 | W42: 0 | X42: 0 | Y42: 0 | Z42: 0 | AA42: 0 | AB42: 0 | AC42: 0 | AD42: 0 | AE42: 0 | AF42: 0 | AG42: 0 | AH42: 0 | AI42: 0 | AJ42: 0 | AK42: 0 | AL42: 0 | AM42: 0 | AN42: 0 | AO42: 0 | AP42: 0 | AQ42: 0 | AR42: 0 | AS42: 0 | AT42: 0 | AU42: 0 | AV42: 0 | AW42: 0 | AX42: 0 | AY42: 0 | AZ42: 0 | BA42: 0 | BB42: 0 | BC42: 0 | BD42: 0 | BE42: 0 | BF42: 0 | BG42: 0 | BH42: 0 | BI42: 0 | BJ42: 0 | BK42: 0 | BL42: 0 | BM42: 0 | BN42: 0 | BO42: 0 | BP42: 0 | BQ42: 0 | BR42: 0 | BS42: 0 | BT42: 0 | BU42: 0 | BV42: 0 | BW42: 0 | BX42: 0 | BY42: 0 | BZ42: 0 | CA42: 0 | CB42: 0 | CC42: 0 | CD42: 0
A43: 41 | B43: 2026-07-04 | C43: 71306763 | D43: SMBL-01 | E43: (1881579016)KKI MART | F43: MTI NOO | G43: MTI NOO | H43: Consignment | J43: 11.85 | K43: =(P2*P43)+(Q2*Q43)+(R2*R43)+(S2*S43)+(T2*T43)+(U2*U43)+(V2*V43)+(W2*W43)+(X2*X43)+(Y2*Y43)+(Z2*Z43)+(AA2*AA43)+(AB2*AB43)+(AC2*AC43)+(AD2*AD43)+(AE2*AE43)+(AF2*AF43)+(AG2*AG43)+(AH2*AH43)+(AI2*AI43)+(AJ2*AJ43)+(AK2*AK43)+(AL2*AL43)+(AM2*AM43)+(AN2*AN43)+(AO2*AO43)+(AP2*AP43)+(AQ2*AQ43)+(AR2*AR43)+(AS2*AS43)+(AT2*AT43)+(AU2*AU43)+(AV2*AV43)+(AW2*AW43)+(AX2*AX43)+(AY2*AY43)+(AZ2*AZ43)+(BA2*BA43)+(BB2*BB43)+(BC2*BC43)+(BD2*BD43)+(BE2*BE43)+(BF2*BF43)+(BG2*BG43)+(BH2*BH43)+(BI2*BI43)+(BJ2*BJ43)+(BK2*BK43)+(BL2*BL43)+(BM2*BM43)+(BN2*BN43)+(BO2*BO43)+(BP2*BP43)+(BQ2*BQ43)+(BR2*BR43)+(BS2*BS43)+(BT2*BT43)+(BU2*BU43)+(BV2*BV43)+(BW2*BW43)+(BX2*BX43)+(BY2*BY43)+(BZ2*BZ43)+(CA2*CA43)+(CB2*CB43)+(CC2*CC43)+(CD2*CD43) | L43: =K43-(K43*J43/100) | M43: =ROUND(L43/1.11, 2) | N43: =SUM(P43:CD43) | O43: =COUNTIF(P43:CD43,">0") | P43: 0 | Q43: 0 | R43: 0 | S43: 0 | T43: 0 | U43: 0 | V43: 0 | W43: 0 | X43: 0 | Y43: 0 | Z43: 0 | AA43: 0 | AB43: 0 | AC43: 0 | AD43: 0 | AE43: 0 | AF43: 0 | AG43: 0 | AH43: 0 | AI43: 0 | AJ43: 0 | AK43: 0 | AL43: 0 | AM43: 0 | AN43: 0 | AO43: 0 | AP43: 0 | AQ43: 0 | AR43: 0 | AS43: 0 | AT43: 0 | AU43: 0 | AV43: 0 | AW43: 0 | AX43: 0 | AY43: 0 | AZ43: 0 | BA43: 0 | BB43: 0 | BC43: 0 | BD43: 0 | BE43: 0 | BF43: 0 | BG43: 0 | BH43: 0 | BI43: 0 | BJ43: 0 | BK43: 0 | BL43: 0 | BM43: 0 | BN43: 0 | BO43: 0 | BP43: 0 | BQ43: 0 | BR43: 0 | BS43: 0 | BT43: 0 | BU43: 0 | BV43: 0 | BW43: 0 | BX43: 0 | BY43: 0 | BZ43: 0 | CA43: 0 | CB43: 0 | CC43: 0 | CD43: 0
A44: 42 | B44: 2026-07-04 | C44: 71306763 | D44: SMBL-01 | E44: (1881579021)MEGA MM I TOKO | F44: MTI NOO | G44: MTI NOO | H44: Consignment | J44: 10 | K44: =(P2*P44)+(Q2*Q44)+(R2*R44)+(S2*S44)+(T2*T44)+(U2*U44)+(V2*V44)+(W2*W44)+(X2*X44)+(Y2*Y44)+(Z2*Z44)+(AA2*AA44)+(AB2*AB44)+(AC2*AC44)+(AD2*AD44)+(AE2*AE44)+(AF2*AF44)+(AG2*AG44)+(AH2*AH44)+(AI2*AI44)+(AJ2*AJ44)+(AK2*AK44)+(AL2*AL44)+(AM2*AM44)+(AN2*AN44)+(AO2*AO44)+(AP2*AP44)+(AQ2*AQ44)+(AR2*AR44)+(AS2*AS44)+(AT2*AT44)+(AU2*AU44)+(AV2*AV44)+(AW2*AW44)+(AX2*AX44)+(AY2*AY44)+(AZ2*AZ44)+(BA2*BA44)+(BB2*BB44)+(BC2*BC44)+(BD2*BD44)+(BE2*BE44)+(BF2*BF44)+(BG2*BG44)+(BH2*BH44)+(BI2*BI44)+(BJ2*BJ44)+(BK2*BK44)+(BL2*BL44)+(BM2*BM44)+(BN2*BN44)+(BO2*BO44)+(BP2*BP44)+(BQ2*BQ44)+(BR2*BR44)+(BS2*BS44)+(BT2*BT44)+(BU2*BU44)+(BV2*BV44)+(BW2*BW44)+(BX2*BX44)+(BY2*BY44)+(BZ2*BZ44)+(CA2*CA44)+(CB2*CB44)+(CC2*CC44)+(CD2*CD44) | L44: =K44-(K44*J44/100) | M44: =ROUND(L44/1.11, 2) | N44: =SUM(P44:CD44) | O44: =COUNTIF(P44:CD44,">0") | P44: 0 | Q44: 0 | R44: 0 | S44: 0 | T44: 0 | U44: 0 | V44: 0 | W44: 0 | X44: 0 | Y44: 0 | Z44: 0 | AA44: 0 | AB44: 0 | AC44: 0 | AD44: 0 | AE44: 0 | AF44: 0 | AG44: 0 | AH44: 0 | AI44: 0 | AJ44: 0 | AK44: 0 | AL44: 0 | AM44: 0 | AN44: 0 | AO44: 0 | AP44: 0 | AQ44: 0 | AR44: 0 | AS44: 0 | AT44: 0 | AU44: 0 | AV44: 0 | AW44: 0 | AX44: 0 | AY44: 0 | AZ44: 0 | BA44: 0 | BB44: 0 | BC44: 0 | BD44: 0 | BE44: 0 | BF44: 0 | BG44: 0 | BH44: 0 | BI44: 0 | BJ44: 0 | BK44: 0 | BL44: 0 | BM44: 0 | BN44: 0 | BO44: 0 | BP44: 0 | BQ44: 0 | BR44: 0 | BS44: 0 | BT44: 0 | BU44: 0 | BV44: 0 | BW44: 0 | BX44: 0 | BY44: 0 | BZ44: 0 | CA44: 0 | CB44: 0 | CC44: 0 | CD44: 0
A45: 43 | B45: 2026-07-04 | C45: 71306763 | D45: SMBL-01 | E45: (1881579022)MEGA MM III | F45: MTI NOO | G45: MTI NOO | H45: Consignment | J45: 10 | K45: =(P2*P45)+(Q2*Q45)+(R2*R45)+(S2*S45)+(T2*T45)+(U2*U45)+(V2*V45)+(W2*W45)+(X2*X45)+(Y2*Y45)+(Z2*Z45)+(AA2*AA45)+(AB2*AB45)+(AC2*AC45)+(AD2*AD45)+(AE2*AE45)+(AF2*AF45)+(AG2*AG45)+(AH2*AH45)+(AI2*AI45)+(AJ2*AJ45)+(AK2*AK45)+(AL2*AL45)+(AM2*AM45)+(AN2*AN45)+(AO2*AO45)+(AP2*AP45)+(AQ2*AQ45)+(AR2*AR45)+(AS2*AS45)+(AT2*AT45)+(AU2*AU45)+(AV2*AV45)+(AW2*AW45)+(AX2*AX45)+(AY2*AY45)+(AZ2*AZ45)+(BA2*BA45)+(BB2*BB45)+(BC2*BC45)+(BD2*BD45)+(BE2*BE45)+(BF2*BF45)+(BG2*BG45)+(BH2*BH45)+(BI2*BI45)+(BJ2*BJ45)+(BK2*BK45)+(BL2*BL45)+(BM2*BM45)+(BN2*BN45)+(BO2*BO45)+(BP2*BP45)+(BQ2*BQ45)+(BR2*BR45)+(BS2*BS45)+(BT2*BT45)+(BU2*BU45)+(BV2*BV45)+(BW2*BW45)+(BX2*BX45)+(BY2*BY45)+(BZ2*BZ45)+(CA2*CA45)+(CB2*CB45)+(CC2*CC45)+(CD2*CD45) | L45: =K45-(K45*J45/100) | M45: =ROUND(L45/1.11, 2) | N45: =SUM(P45:CD45) | O45: =COUNTIF(P45:CD45,">0") | P45: 0 | Q45: 0 | R45: 0 | S45: 0 | T45: 0 | U45: 0 | V45: 0 | W45: 0 | X45: 0 | Y45: 0 | Z45: 0 | AA45: 0 | AB45: 0 | AC45: 0 | AD45: 0 | AE45: 0 | AF45: 0 | AG45: 0 | AH45: 0 | AI45: 0 | AJ45: 0 | AK45: 0 | AL45: 0 | AM45: 0 | AN45: 0 | AO45: 0 | AP45: 0 | AQ45: 0 | AR45: 0 | AS45: 0 | AT45: 0 | AU45: 0 | AV45: 0 | AW45: 0 | AX45: 0 | AY45: 0 | AZ45: 0 | BA45: 0 | BB45: 0 | BC45: 0 | BD45: 0 | BE45: 0 | BF45: 0 | BG45: 0 | BH45: 0 | BI45: 0 | BJ45: 0 | BK45: 0 | BL45: 0 | BM45: 0 | BN45: 0 | BO45: 0 | BP45: 0 | BQ45: 0 | BR45: 0 | BS45: 0 | BT45: 0 | BU45: 0 | BV45: 0 | BW45: 0 | BX45: 0 | BY45: 0 | BZ45: 0 | CA45: 0 | CB45: 0 | CC45: 0 | CD45: 0
A46: 44 | B46: 2026-07-04 | C46: 71306763 | D46: SMBL-01 | E46: (1881579023)FAMILY VAKSINDO TOKO | F46: WARUNG NOO | G46: WARUNG NOO | H46: Consignment | J46: 10 | K46: =(P2*P46)+(Q2*Q46)+(R2*R46)+(S2*S46)+(T2*T46)+(U2*U46)+(V2*V46)+(W2*W46)+(X2*X46)+(Y2*Y46)+(Z2*Z46)+(AA2*AA46)+(AB2*AB46)+(AC2*AC46)+(AD2*AD46)+(AE2*AE46)+(AF2*AF46)+(AG2*AG46)+(AH2*AH46)+(AI2*AI46)+(AJ2*AJ46)+(AK2*AK46)+(AL2*AL46)+(AM2*AM46)+(AN2*AN46)+(AO2*AO46)+(AP2*AP46)+(AQ2*AQ46)+(AR2*AR46)+(AS2*AS46)+(AT2*AT46)+(AU2*AU46)+(AV2*AV46)+(AW2*AW46)+(AX2*AX46)+(AY2*AY46)+(AZ2*AZ46)+(BA2*BA46)+(BB2*BB46)+(BC2*BC46)+(BD2*BD46)+(BE2*BE46)+(BF2*BF46)+(BG2*BG46)+(BH2*BH46)+(BI2*BI46)+(BJ2*BJ46)+(BK2*BK46)+(BL2*BL46)+(BM2*BM46)+(BN2*BN46)+(BO2*BO46)+(BP2*BP46)+(BQ2*BQ46)+(BR2*BR46)+(BS2*BS46)+(BT2*BT46)+(BU2*BU46)+(BV2*BV46)+(BW2*BW46)+(BX2*BX46)+(BY2*BY46)+(BZ2*BZ46)+(CA2*CA46)+(CB2*CB46)+(CC2*CC46)+(CD2*CD46) | L46: =K46-(K46*J46/100) | M46: =ROUND(L46/1.11, 2) | N46: =SUM(P46:CD46) | O46: =COUNTIF(P46:CD46,">0") | P46: 0 | Q46: 0 | R46: 0 | S46: 0 | T46: 0 | U46: 0 | V46: 0 | W46: 0 | X46: 0 | Y46: 0 | Z46: 0 | AA46: 0 | AB46: 0 | AC46: 0 | AD46: 0 | AE46: 0 | AF46: 0 | AG46: 0 | AH46: 0 | AI46: 0 | AJ46: 0 | AK46: 0 | AL46: 0 | AM46: 0 | AN46: 0 | AO46: 0 | AP46: 0 | AQ46: 0 | AR46: 0 | AS46: 0 | AT46: 0 | AU46: 0 | AV46: 0 | AW46: 0 | AX46: 0 | AY46: 0 | AZ46: 0 | BA46: 0 | BB46: 0 | BC46: 0 | BD46: 0 | BE46: 0 | BF46: 0 | BG46: 0 | BH46: 0 | BI46: 0 | BJ46: 0 | BK46: 0 | BL46: 0 | BM46: 0 | BN46: 0 | BO46: 0 | BP46: 0 | BQ46: 0 | BR46: 0 | BS46: 0 | BT46: 0 | BU46: 0 | BV46: 0 | BW46: 0 | BX46: 0 | BY46: 0 | BZ46: 0 | CA46: 0 | CB46: 0 | CC46: 0 | CD46: 0
A47: 45 | B47: 2026-07-04 | C47: 71306763 | D47: SMBL-01 | E47: (1881579382)TOKO ROHADI | F47: WARUNG NOO | G47: WARUNG NOO | H47: Consignment | J47: 10 | K47: =(P2*P47)+(Q2*Q47)+(R2*R47)+(S2*S47)+(T2*T47)+(U2*U47)+(V2*V47)+(W2*W47)+(X2*X47)+(Y2*Y47)+(Z2*Z47)+(AA2*AA47)+(AB2*AB47)+(AC2*AC47)+(AD2*AD47)+(AE2*AE47)+(AF2*AF47)+(AG2*AG47)+(AH2*AH47)+(AI2*AI47)+(AJ2*AJ47)+(AK2*AK47)+(AL2*AL47)+(AM2*AM47)+(AN2*AN47)+(AO2*AO47)+(AP2*AP47)+(AQ2*AQ47)+(AR2*AR47)+(AS2*AS47)+(AT2*AT47)+(AU2*AU47)+(AV2*AV47)+(AW2*AW47)+(AX2*AX47)+(AY2*AY47)+(AZ2*AZ47)+(BA2*BA47)+(BB2*BB47)+(BC2*BC47)+(BD2*BD47)+(BE2*BE47)+(BF2*BF47)+(BG2*BG47)+(BH2*BH47)+(BI2*BI47)+(BJ2*BJ47)+(BK2*BK47)+(BL2*BL47)+(BM2*BM47)+(BN2*BN47)+(BO2*BO47)+(BP2*BP47)+(BQ2*BQ47)+(BR2*BR47)+(BS2*BS47)+(BT2*BT47)+(BU2*BU47)+(BV2*BV47)+(BW2*BW47)+(BX2*BX47)+(BY2*BY47)+(BZ2*BZ47)+(CA2*CA47)+(CB2*CB47)+(CC2*CC47)+(CD2*CD47) | L47: =K47-(K47*J47/100) | M47: =ROUND(L47/1.11, 2) | N47: =SUM(P47:CD47) | O47: =COUNTIF(P47:CD47,">0") | P47: 0 | Q47: 0 | R47: 0 | S47: 0 | T47: 0 | U47: 0 | V47: 0 | W47: 0 | X47: 0 | Y47: 0 | Z47: 0 | AA47: 0 | AB47: 0 | AC47: 0 | AD47: 0 | AE47: 0 | AF47: 0 | AG47: 0 | AH47: 0 | AI47: 0 | AJ47: 0 | AK47: 0 | AL47: 0 | AM47: 0 | AN47: 0 | AO47: 0 | AP47: 0 | AQ47: 0 | AR47: 0 | AS47: 0 | AT47: 0 | AU47: 0 | AV47: 0 | AW47: 0 | AX47: 0 | AY47: 0 | AZ47: 0 | BA47: 0 | BB47: 0 | BC47: 0 | BD47: 0 | BE47: 0 | BF47: 0 | BG47: 0 | BH47: 0 | BI47: 0 | BJ47: 0 | BK47: 0 | BL47: 0 | BM47: 0 | BN47: 0 | BO47: 0 | BP47: 0 | BQ47: 0 | BR47: 0 | BS47: 0 | BT47: 0 | BU47: 0 | BV47: 0 | BW47: 0 | BX47: 0 | BY47: 0 | BZ47: 0 | CA47: 0 | CB47: 0 | CC47: 0 | CD47: 0
A48: 46 | B48: 2026-07-04 | C48: 71306763 | D48: SMBL-01 | E48: (1881581286)MM3 WANAHERANG | F48: MTI NOO | G48: MTI NOO | H48: Consignment | J48: 10 | K48: =(P2*P48)+(Q2*Q48)+(R2*R48)+(S2*S48)+(T2*T48)+(U2*U48)+(V2*V48)+(W2*W48)+(X2*X48)+(Y2*Y48)+(Z2*Z48)+(AA2*AA48)+(AB2*AB48)+(AC2*AC48)+(AD2*AD48)+(AE2*AE48)+(AF2*AF48)+(AG2*AG48)+(AH2*AH48)+(AI2*AI48)+(AJ2*AJ48)+(AK2*AK48)+(AL2*AL48)+(AM2*AM48)+(AN2*AN48)+(AO2*AO48)+(AP2*AP48)+(AQ2*AQ48)+(AR2*AR48)+(AS2*AS48)+(AT2*AT48)+(AU2*AU48)+(AV2*AV48)+(AW2*AW48)+(AX2*AX48)+(AY2*AY48)+(AZ2*AZ48)+(BA2*BA48)+(BB2*BB48)+(BC2*BC48)+(BD2*BD48)+(BE2*BE48)+(BF2*BF48)+(BG2*BG48)+(BH2*BH48)+(BI2*BI48)+(BJ2*BJ48)+(BK2*BK48)+(BL2*BL48)+(BM2*BM48)+(BN2*BN48)+(BO2*BO48)+(BP2*BP48)+(BQ2*BQ48)+(BR2*BR48)+(BS2*BS48)+(BT2*BT48)+(BU2*BU48)+(BV2*BV48)+(BW2*BW48)+(BX2*BX48)+(BY2*BY48)+(BZ2*BZ48)+(CA2*CA48)+(CB2*CB48)+(CC2*CC48)+(CD2*CD48) | L48: =K48-(K48*J48/100) | M48: =ROUND(L48/1.11, 2) | N48: =SUM(P48:CD48) | O48: =COUNTIF(P48:CD48,">0") | P48: 0 | Q48: 0 | R48: 0 | S48: 0 | T48: 0 | U48: 0 | V48: 0 | W48: 0 | X48: 0 | Y48: 0 | Z48: 0 | AA48: 0 | AB48: 0 | AC48: 0 | AD48: 0 | AE48: 0 | AF48: 0 | AG48: 0 | AH48: 0 | AI48: 0 | AJ48: 0 | AK48: 0 | AL48: 0 | AM48: 0 | AN48: 0 | AO48: 0 | AP48: 0 | AQ48: 0 | AR48: 0 | AS48: 0 | AT48: 0 | AU48: 0 | AV48: 0 | AW48: 0 | AX48: 0 | AY48: 0 | AZ48: 0 | BA48: 0 | BB48: 0 | BC48: 0 | BD48: 0 | BE48: 0 | BF48: 0 | BG48: 0 | BH48: 0 | BI48: 0 | BJ48: 0 | BK48: 0 | BL48: 0 | BM48: 0 | BN48: 0 | BO48: 0 | BP48: 0 | BQ48: 0 | BR48: 0 | BS48: 0 | BT48: 0 | BU48: 0 | BV48: 0 | BW48: 0 | BX48: 0 | BY48: 0 | BZ48: 0 | CA48: 0 | CB48: 0 | CC48: 0 | CD48: 0
A49: 47 | B49: 2026-07-04 | C49: 71306763 | D49: SMBL-01 | E49: (1881581362)TOKO UNI MERI | F49: MTI NOO | G49: MTI NOO | H49: Consignment | J49: 10 | K49: =(P2*P49)+(Q2*Q49)+(R2*R49)+(S2*S49)+(T2*T49)+(U2*U49)+(V2*V49)+(W2*W49)+(X2*X49)+(Y2*Y49)+(Z2*Z49)+(AA2*AA49)+(AB2*AB49)+(AC2*AC49)+(AD2*AD49)+(AE2*AE49)+(AF2*AF49)+(AG2*AG49)+(AH2*AH49)+(AI2*AI49)+(AJ2*AJ49)+(AK2*AK49)+(AL2*AL49)+(AM2*AM49)+(AN2*AN49)+(AO2*AO49)+(AP2*AP49)+(AQ2*AQ49)+(AR2*AR49)+(AS2*AS49)+(AT2*AT49)+(AU2*AU49)+(AV2*AV49)+(AW2*AW49)+(AX2*AX49)+(AY2*AY49)+(AZ2*AZ49)+(BA2*BA49)+(BB2*BB49)+(BC2*BC49)+(BD2*BD49)+(BE2*BE49)+(BF2*BF49)+(BG2*BG49)+(BH2*BH49)+(BI2*BI49)+(BJ2*BJ49)+(BK2*BK49)+(BL2*BL49)+(BM2*BM49)+(BN2*BN49)+(BO2*BO49)+(BP2*BP49)+(BQ2*BQ49)+(BR2*BR49)+(BS2*BS49)+(BT2*BT49)+(BU2*BU49)+(BV2*BV49)+(BW2*BW49)+(BX2*BX49)+(BY2*BY49)+(BZ2*BZ49)+(CA2*CA49)+(CB2*CB49)+(CC2*CC49)+(CD2*CD49) | L49: =K49-(K49*J49/100) | M49: =ROUND(L49/1.11, 2) | N49: =SUM(P49:CD49) | O49: =COUNTIF(P49:CD49,">0") | P49: 0 | Q49: 0 | R49: 0 | S49: 0 | T49: 0 | U49: 0 | V49: 0 | W49: 0 | X49: 0 | Y49: 0 | Z49: 0 | AA49: 0 | AB49: 0 | AC49: 0 | AD49: 0 | AE49: 0 | AF49: 0 | AG49: 0 | AH49: 0 | AI49: 0 | AJ49: 0 | AK49: 0 | AL49: 0 | AM49: 0 | AN49: 0 | AO49: 0 | AP49: 0 | AQ49: 0 | AR49: 0 | AS49: 0 | AT49: 0 | AU49: 0 | AV49: 0 | AW49: 0 | AX49: 0 | AY49: 0 | AZ49: 0 | BA49: 0 | BB49: 0 | BC49: 0 | BD49: 0 | BE49: 0 | BF49: 0 | BG49: 0 | BH49: 0 | BI49: 0 | BJ49: 0 | BK49: 0 | BL49: 0 | BM49: 0 | BN49: 0 | BO49: 0 | BP49: 0 | BQ49: 0 | BR49: 0 | BS49: 0 | BT49: 0 | BU49: 0 | BV49: 0 | BW49: 0 | BX49: 0 | BY49: 0 | BZ49: 0 | CA49: 0 | CB49: 0 | CC49: 0 | CD49: 0
A50: 48 | B50: 2026-07-04 | C50: 71306763 | D50: SMBL-01 | E50: (1881582967)TOKO TRIALIS | F50: WARUNG NOO | G50: WARUNG NOO | H50: Consignment | J50: 10 | K50: =(P2*P50)+(Q2*Q50)+(R2*R50)+(S2*S50)+(T2*T50)+(U2*U50)+(V2*V50)+(W2*W50)+(X2*X50)+(Y2*Y50)+(Z2*Z50)+(AA2*AA50)+(AB2*AB50)+(AC2*AC50)+(AD2*AD50)+(AE2*AE50)+(AF2*AF50)+(AG2*AG50)+(AH2*AH50)+(AI2*AI50)+(AJ2*AJ50)+(AK2*AK50)+(AL2*AL50)+(AM2*AM50)+(AN2*AN50)+(AO2*AO50)+(AP2*AP50)+(AQ2*AQ50)+(AR2*AR50)+(AS2*AS50)+(AT2*AT50)+(AU2*AU50)+(AV2*AV50)+(AW2*AW50)+(AX2*AX50)+(AY2*AY50)+(AZ2*AZ50)+(BA2*BA50)+(BB2*BB50)+(BC2*BC50)+(BD2*BD50)+(BE2*BE50)+(BF2*BF50)+(BG2*BG50)+(BH2*BH50)+(BI2*BI50)+(BJ2*BJ50)+(BK2*BK50)+(BL2*BL50)+(BM2*BM50)+(BN2*BN50)+(BO2*BO50)+(BP2*BP50)+(BQ2*BQ50)+(BR2*BR50)+(BS2*BS50)+(BT2*BT50)+(BU2*BU50)+(BV2*BV50)+(BW2*BW50)+(BX2*BX50)+(BY2*BY50)+(BZ2*BZ50)+(CA2*CA50)+(CB2*CB50)+(CC2*CC50)+(CD2*CD50) | L50: =K50-(K50*J50/100) | M50: =ROUND(L50/1.11, 2) | N50: =SUM(P50:CD50) | O50: =COUNTIF(P50:CD50,">0") | P50: 0 | Q50: 0 | R50: 0 | S50: 0 | T50: 0 | U50: 0 | V50: 0 | W50: 0 | X50: 0 | Y50: 0 | Z50: 0 | AA50: 0 | AB50: 0 | AC50: 0 | AD50: 0 | AE50: 0 | AF50: 0 | AG50: 0 | AH50: 0 | AI50: 0 | AJ50: 0 | AK50: 0 | AL50: 0 | AM50: 0 | AN50: 0 | AO50: 0 | AP50: 0 | AQ50: 0 | AR50: 0 | AS50: 0 | AT50: 0 | AU50: 0 | AV50: 0 | AW50: 0 | AX50: 0 | AY50: 0 | AZ50: 0 | BA50: 0 | BB50: 0 | BC50: 0 | BD50: 0 | BE50: 0 | BF50: 0 | BG50: 0 | BH50: 0 | BI50: 0 | BJ50: 0 | BK50: 0 | BL50: 0 | BM50: 0 | BN50: 0 | BO50: 0 | BP50: 0 | BQ50: 0 | BR50: 0 | BS50: 0 | BT50: 0 | BU50: 0 | BV50: 0 | BW50: 0 | BX50: 0 | BY50: 0 | BZ50: 0 | CA50: 0 | CB50: 0 | CC50: 0 | CD50: 0
A51: 49 | B51: 2026-07-04 | C51: 71306763 | D51: SMBL-01 | E51: (1881588707)BAGUS TOKO | F51: WARUNG NOO | G51: WARUNG NOO | H51: Consignment | J51: 10 | K51: =(P2*P51)+(Q2*Q51)+(R2*R51)+(S2*S51)+(T2*T51)+(U2*U51)+(V2*V51)+(W2*W51)+(X2*X51)+(Y2*Y51)+(Z2*Z51)+(AA2*AA51)+(AB2*AB51)+(AC2*AC51)+(AD2*AD51)+(AE2*AE51)+(AF2*AF51)+(AG2*AG51)+(AH2*AH51)+(AI2*AI51)+(AJ2*AJ51)+(AK2*AK51)+(AL2*AL51)+(AM2*AM51)+(AN2*AN51)+(AO2*AO51)+(AP2*AP51)+(AQ2*AQ51)+(AR2*AR51)+(AS2*AS51)+(AT2*AT51)+(AU2*AU51)+(AV2*AV51)+(AW2*AW51)+(AX2*AX51)+(AY2*AY51)+(AZ2*AZ51)+(BA2*BA51)+(BB2*BB51)+(BC2*BC51)+(BD2*BD51)+(BE2*BE51)+(BF2*BF51)+(BG2*BG51)+(BH2*BH51)+(BI2*BI51)+(BJ2*BJ51)+(BK2*BK51)+(BL2*BL51)+(BM2*BM51)+(BN2*BN51)+(BO2*BO51)+(BP2*BP51)+(BQ2*BQ51)+(BR2*BR51)+(BS2*BS51)+(BT2*BT51)+(BU2*BU51)+(BV2*BV51)+(BW2*BW51)+(BX2*BX51)+(BY2*BY51)+(BZ2*BZ51)+(CA2*CA51)+(CB2*CB51)+(CC2*CC51)+(CD2*CD51) | L51: =K51-(K51*J51/100) | M51: =ROUND(L51/1.11, 2) | N51: =SUM(P51:CD51) | O51: =COUNTIF(P51:CD51,">0") | P51: 0 | Q51: 0 | R51: 0 | S51: 0 | T51: 0 | U51: 0 | V51: 0 | W51: 0 | X51: 0 | Y51: 0 | Z51: 0 | AA51: 0 | AB51: 0 | AC51: 0 | AD51: 0 | AE51: 0 | AF51: 0 | AG51: 0 | AH51: 0 | AI51: 0 | AJ51: 0 | AK51: 0 | AL51: 0 | AM51: 0 | AN51: 0 | AO51: 0 | AP51: 0 | AQ51: 0 | AR51: 0 | AS51: 0 | AT51: 0 | AU51: 0 | AV51: 0 | AW51: 0 | AX51: 0 | AY51: 0 | AZ51: 0 | BA51: 0 | BB51: 0 | BC51: 0 | BD51: 0 | BE51: 0 | BF51: 0 | BG51: 0 | BH51: 0 | BI51: 0 | BJ51: 0 | BK51: 0 | BL51: 0 | BM51: 0 | BN51: 0 | BO51: 0 | BP51: 0 | BQ51: 0 | BR51: 0 | BS51: 0 | BT51: 0 | BU51: 0 | BV51: 0 | BW51: 0 | BX51: 0 | BY51: 0 | BZ51: 0 | CA51: 0 | CB51: 0 | CC51: 0 | CD51: 0
A52: 50 | B52: 2026-07-04 | C52: 71306763 | D52: SMBL-01 | E52: (1881588817)ADELLA TOKO | F52: WARUNG NOO | G52: WARUNG NOO | H52: Consignment | J52: 10 | K52: =(P2*P52)+(Q2*Q52)+(R2*R52)+(S2*S52)+(T2*T52)+(U2*U52)+(V2*V52)+(W2*W52)+(X2*X52)+(Y2*Y52)+(Z2*Z52)+(AA2*AA52)+(AB2*AB52)+(AC2*AC52)+(AD2*AD52)+(AE2*AE52)+(AF2*AF52)+(AG2*AG52)+(AH2*AH52)+(AI2*AI52)+(AJ2*AJ52)+(AK2*AK52)+(AL2*AL52)+(AM2*AM52)+(AN2*AN52)+(AO2*AO52)+(AP2*AP52)+(AQ2*AQ52)+(AR2*AR52)+(AS2*AS52)+(AT2*AT52)+(AU2*AU52)+(AV2*AV52)+(AW2*AW52)+(AX2*AX52)+(AY2*AY52)+(AZ2*AZ52)+(BA2*BA52)+(BB2*BB52)+(BC2*BC52)+(BD2*BD52)+(BE2*BE52)+(BF2*BF52)+(BG2*BG52)+(BH2*BH52)+(BI2*BI52)+(BJ2*BJ52)+(BK2*BK52)+(BL2*BL52)+(BM2*BM52)+(BN2*BN52)+(BO2*BO52)+(BP2*BP52)+(BQ2*BQ52)+(BR2*BR52)+(BS2*BS52)+(BT2*BT52)+(BU2*BU52)+(BV2*BV52)+(BW2*BW52)+(BX2*BX52)+(BY2*BY52)+(BZ2*BZ52)+(CA2*CA52)+(CB2*CB52)+(CC2*CC52)+(CD2*CD52) | L52: =K52-(K52*J52/100) | M52: =ROUND(L52/1.11, 2) | N52: =SUM(P52:CD52) | O52: =COUNTIF(P52:CD52,">0") | P52: 0 | Q52: 0 | R52: 0 | S52: 0 | T52: 0 | U52: 0 | V52: 0 | W52: 0 | X52: 0 | Y52: 0 | Z52: 0 | AA52: 0 | AB52: 0 | AC52: 0 | AD52: 0 | AE52: 0 | AF52: 0 | AG52: 0 | AH52: 0 | AI52: 0 | AJ52: 0 | AK52: 0 | AL52: 0 | AM52: 0 | AN52: 0 | AO52: 0 | AP52: 0 | AQ52: 0 | AR52: 0 | AS52: 0 | AT52: 0 | AU52: 0 | AV52: 0 | AW52: 0 | AX52: 0 | AY52: 0 | AZ52: 0 | BA52: 0 | BB52: 0 | BC52: 0 | BD52: 0 | BE52: 0 | BF52: 0 | BG52: 0 | BH52: 0 | BI52: 0 | BJ52: 0 | BK52: 0 | BL52: 0 | BM52: 0 | BN52: 0 | BO52: 0 | BP52: 0 | BQ52: 0 | BR52: 0 | BS52: 0 | BT52: 0 | BU52: 0 | BV52: 0 | BW52: 0 | BX52: 0 | BY52: 0 | BZ52: 0 | CA52: 0 | CB52: 0 | CC52: 0 | CD52: 0
A53: 51 | B53: 2026-07-04 | C53: 71306763 | D53: SMBL-01 | E53: (1881588818)JELITA TOKO | F53: WARUNG NOO | G53: WARUNG NOO | H53: Consignment | J53: 10 | K53: =(P2*P53)+(Q2*Q53)+(R2*R53)+(S2*S53)+(T2*T53)+(U2*U53)+(V2*V53)+(W2*W53)+(X2*X53)+(Y2*Y53)+(Z2*Z53)+(AA2*AA53)+(AB2*AB53)+(AC2*AC53)+(AD2*AD53)+(AE2*AE53)+(AF2*AF53)+(AG2*AG53)+(AH2*AH53)+(AI2*AI53)+(AJ2*AJ53)+(AK2*AK53)+(AL2*AL53)+(AM2*AM53)+(AN2*AN53)+(AO2*AO53)+(AP2*AP53)+(AQ2*AQ53)+(AR2*AR53)+(AS2*AS53)+(AT2*AT53)+(AU2*AU53)+(AV2*AV53)+(AW2*AW53)+(AX2*AX53)+(AY2*AY53)+(AZ2*AZ53)+(BA2*BA53)+(BB2*BB53)+(BC2*BC53)+(BD2*BD53)+(BE2*BE53)+(BF2*BF53)+(BG2*BG53)+(BH2*BH53)+(BI2*BI53)+(BJ2*BJ53)+(BK2*BK53)+(BL2*BL53)+(BM2*BM53)+(BN2*BN53)+(BO2*BO53)+(BP2*BP53)+(BQ2*BQ53)+(BR2*BR53)+(BS2*BS53)+(BT2*BT53)+(BU2*BU53)+(BV2*BV53)+(BW2*BW53)+(BX2*BX53)+(BY2*BY53)+(BZ2*BZ53)+(CA2*CA53)+(CB2*CB53)+(CC2*CC53)+(CD2*CD53) | L53: =K53-(K53*J53/100) | M53: =ROUND(L53/1.11, 2) | N53: =SUM(P53:CD53) | O53: =COUNTIF(P53:CD53,">0") | P53: 0 | Q53: 0 | R53: 0 | S53: 0 | T53: 0 | U53: 0 | V53: 0 | W53: 0 | X53: 0 | Y53: 0 | Z53: 0 | AA53: 0 | AB53: 0 | AC53: 0 | AD53: 0 | AE53: 0 | AF53: 0 | AG53: 0 | AH53: 0 | AI53: 0 | AJ53: 0 | AK53: 0 | AL53: 0 | AM53: 0 | AN53: 0 | AO53: 0 | AP53: 0 | AQ53: 0 | AR53: 0 | AS53: 0 | AT53: 0 | AU53: 0 | AV53: 0 | AW53: 0 | AX53: 0 | AY53: 0 | AZ53: 0 | BA53: 0 | BB53: 0 | BC53: 0 | BD53: 0 | BE53: 0 | BF53: 0 | BG53: 0 | BH53: 0 | BI53: 0 | BJ53: 0 | BK53: 0 | BL53: 0 | BM53: 0 | BN53: 0 | BO53: 0 | BP53: 0 | BQ53: 0 | BR53: 0 | BS53: 0 | BT53: 0 | BU53: 0 | BV53: 0 | BW53: 0 | BX53: 0 | BY53: 0 | BZ53: 0 | CA53: 0 | CB53: 0 | CC53: 0 | CD53: 0
A54: 52 | B54: 2026-07-04 | C54: 71306763 | D54: SMBL-01 | E54: (1881589654)AMBARI TOKO | F54: WARUNG NOO | G54: WARUNG NOO | H54: Consignment | J54: 10 | K54: =(P2*P54)+(Q2*Q54)+(R2*R54)+(S2*S54)+(T2*T54)+(U2*U54)+(V2*V54)+(W2*W54)+(X2*X54)+(Y2*Y54)+(Z2*Z54)+(AA2*AA54)+(AB2*AB54)+(AC2*AC54)+(AD2*AD54)+(AE2*AE54)+(AF2*AF54)+(AG2*AG54)+(AH2*AH54)+(AI2*AI54)+(AJ2*AJ54)+(AK2*AK54)+(AL2*AL54)+(AM2*AM54)+(AN2*AN54)+(AO2*AO54)+(AP2*AP54)+(AQ2*AQ54)+(AR2*AR54)+(AS2*AS54)+(AT2*AT54)+(AU2*AU54)+(AV2*AV54)+(AW2*AW54)+(AX2*AX54)+(AY2*AY54)+(AZ2*AZ54)+(BA2*BA54)+(BB2*BB54)+(BC2*BC54)+(BD2*BD54)+(BE2*BE54)+(BF2*BF54)+(BG2*BG54)+(BH2*BH54)+(BI2*BI54)+(BJ2*BJ54)+(BK2*BK54)+(BL2*BL54)+(BM2*BM54)+(BN2*BN54)+(BO2*BO54)+(BP2*BP54)+(BQ2*BQ54)+(BR2*BR54)+(BS2*BS54)+(BT2*BT54)+(BU2*BU54)+(BV2*BV54)+(BW2*BW54)+(BX2*BX54)+(BY2*BY54)+(BZ2*BZ54)+(CA2*CA54)+(CB2*CB54)+(CC2*CC54)+(CD2*CD54) | L54: =K54-(K54*J54/100) | M54: =ROUND(L54/1.11, 2) | N54: =SUM(P54:CD54) | O54: =COUNTIF(P54:CD54,">0") | P54: 0 | Q54: 0 | R54: 0 | S54: 0 | T54: 0 | U54: 0 | V54: 0 | W54: 0 | X54: 0 | Y54: 0 | Z54: 0 | AA54: 0 | AB54: 0 | AC54: 0 | AD54: 0 | AE54: 0 | AF54: 0 | AG54: 0 | AH54: 0 | AI54: 0 | AJ54: 0 | AK54: 0 | AL54: 0 | AM54: 0 | AN54: 0 | AO54: 0 | AP54: 0 | AQ54: 0 | AR54: 0 | AS54: 0 | AT54: 0 | AU54: 0 | AV54: 0 | AW54: 0 | AX54: 0 | AY54: 0 | AZ54: 0 | BA54: 0 | BB54: 0 | BC54: 0 | BD54: 0 | BE54: 0 | BF54: 0 | BG54: 0 | BH54: 0 | BI54: 0 | BJ54: 0 | BK54: 0 | BL54: 0 | BM54: 0 | BN54: 0 | BO54: 0 | BP54: 0 | BQ54: 0 | BR54: 0 | BS54: 0 | BT54: 0 | BU54: 0 | BV54: 0 | BW54: 0 | BX54: 0 | BY54: 0 | BZ54: 0 | CA54: 0 | CB54: 0 | CC54: 0 | CD54: 0
A55: 53 | B55: 2026-07-04 | C55: 71306763 | D55: SMBL-01 | E55: (1881589748)FEBY NASUTION TOKO | F55: WARUNG NOO | G55: WARUNG NOO | H55: Consignment | J55: 10 | K55: =(P2*P55)+(Q2*Q55)+(R2*R55)+(S2*S55)+(T2*T55)+(U2*U55)+(V2*V55)+(W2*W55)+(X2*X55)+(Y2*Y55)+(Z2*Z55)+(AA2*AA55)+(AB2*AB55)+(AC2*AC55)+(AD2*AD55)+(AE2*AE55)+(AF2*AF55)+(AG2*AG55)+(AH2*AH55)+(AI2*AI55)+(AJ2*AJ55)+(AK2*AK55)+(AL2*AL55)+(AM2*AM55)+(AN2*AN55)+(AO2*AO55)+(AP2*AP55)+(AQ2*AQ55)+(AR2*AR55)+(AS2*AS55)+(AT2*AT55)+(AU2*AU55)+(AV2*AV55)+(AW2*AW55)+(AX2*AX55)+(AY2*AY55)+(AZ2*AZ55)+(BA2*BA55)+(BB2*BB55)+(BC2*BC55)+(BD2*BD55)+(BE2*BE55)+(BF2*BF55)+(BG2*BG55)+(BH2*BH55)+(BI2*BI55)+(BJ2*BJ55)+(BK2*BK55)+(BL2*BL55)+(BM2*BM55)+(BN2*BN55)+(BO2*BO55)+(BP2*BP55)+(BQ2*BQ55)+(BR2*BR55)+(BS2*BS55)+(BT2*BT55)+(BU2*BU55)+(BV2*BV55)+(BW2*BW55)+(BX2*BX55)+(BY2*BY55)+(BZ2*BZ55)+(CA2*CA55)+(CB2*CB55)+(CC2*CC55)+(CD2*CD55) | L55: =K55-(K55*J55/100) | M55: =ROUND(L55/1.11, 2) | N55: =SUM(P55:CD55) | O55: =COUNTIF(P55:CD55,">0") | P55: 0 | Q55: 0 | R55: 0 | S55: 0 | T55: 0 | U55: 0 | V55: 0 | W55: 0 | X55: 0 | Y55: 0 | Z55: 0 | AA55: 0 | AB55: 0 | AC55: 0 | AD55: 0 | AE55: 0 | AF55: 0 | AG55: 0 | AH55: 0 | AI55: 0 | AJ55: 0 | AK55: 0 | AL55: 0 | AM55: 0 | AN55: 0 | AO55: 0 | AP55: 0 | AQ55: 0 | AR55: 0 | AS55: 0 | AT55: 0 | AU55: 0 | AV55: 0 | AW55: 0 | AX55: 0 | AY55: 0 | AZ55: 0 | BA55: 0 | BB55: 0 | BC55: 0 | BD55: 0 | BE55: 0 | BF55: 0 | BG55: 0 | BH55: 0 | BI55: 0 | BJ55: 0 | BK55: 0 | BL55: 0 | BM55: 0 | BN55: 0 | BO55: 0 | BP55: 0 | BQ55: 0 | BR55: 0 | BS55: 0 | BT55: 0 | BU55: 0 | BV55: 0 | BW55: 0 | BX55: 0 | BY55: 0 | BZ55: 0 | CA55: 0 | CB55: 0 | CC55: 0 | CD55: 0
A56: 54 | B56: 2026-07-04 | C56: 71306763 | D56: SMBL-01 | E56: (1881589749)TOKO NUSANTARA 57 | F56: WARUNG NOO | G56: WARUNG NOO | H56: Consignment | J56: 10 | K56: =(P2*P56)+(Q2*Q56)+(R2*R56)+(S2*S56)+(T2*T56)+(U2*U56)+(V2*V56)+(W2*W56)+(X2*X56)+(Y2*Y56)+(Z2*Z56)+(AA2*AA56)+(AB2*AB56)+(AC2*AC56)+(AD2*AD56)+(AE2*AE56)+(AF2*AF56)+(AG2*AG56)+(AH2*AH56)+(AI2*AI56)+(AJ2*AJ56)+(AK2*AK56)+(AL2*AL56)+(AM2*AM56)+(AN2*AN56)+(AO2*AO56)+(AP2*AP56)+(AQ2*AQ56)+(AR2*AR56)+(AS2*AS56)+(AT2*AT56)+(AU2*AU56)+(AV2*AV56)+(AW2*AW56)+(AX2*AX56)+(AY2*AY56)+(AZ2*AZ56)+(BA2*BA56)+(BB2*BB56)+(BC2*BC56)+(BD2*BD56)+(BE2*BE56)+(BF2*BF56)+(BG2*BG56)+(BH2*BH56)+(BI2*BI56)+(BJ2*BJ56)+(BK2*BK56)+(BL2*BL56)+(BM2*BM56)+(BN2*BN56)+(BO2*BO56)+(BP2*BP56)+(BQ2*BQ56)+(BR2*BR56)+(BS2*BS56)+(BT2*BT56)+(BU2*BU56)+(BV2*BV56)+(BW2*BW56)+(BX2*BX56)+(BY2*BY56)+(BZ2*BZ56)+(CA2*CA56)+(CB2*CB56)+(CC2*CC56)+(CD2*CD56) | L56: =K56-(K56*J56/100) | M56: =ROUND(L56/1.11, 2) | N56: =SUM(P56:CD56) | O56: =COUNTIF(P56:CD56,">0") | P56: 0 | Q56: 0 | R56: 0 | S56: 0 | T56: 0 | U56: 0 | V56: 0 | W56: 0 | X56: 0 | Y56: 0 | Z56: 0 | AA56: 0 | AB56: 0 | AC56: 0 | AD56: 0 | AE56: 0 | AF56: 0 | AG56: 0 | AH56: 0 | AI56: 0 | AJ56: 0 | AK56: 0 | AL56: 0 | AM56: 0 | AN56: 0 | AO56: 0 | AP56: 0 | AQ56: 0 | AR56: 0 | AS56: 0 | AT56: 0 | AU56: 0 | AV56: 0 | AW56: 0 | AX56: 0 | AY56: 0 | AZ56: 0 | BA56: 0 | BB56: 0 | BC56: 0 | BD56: 0 | BE56: 0 | BF56: 0 | BG56: 0 | BH56: 0 | BI56: 0 | BJ56: 0 | BK56: 0 | BL56: 0 | BM56: 0 | BN56: 0 | BO56: 0 | BP56: 0 | BQ56: 0 | BR56: 0 | BS56: 0 | BT56: 0 | BU56: 0 | BV56: 0 | BW56: 0 | BX56: 0 | BY56: 0 | BZ56: 0 | CA56: 0 | CB56: 0 | CC56: 0 | CD56: 0
A57: 55 | B57: 2026-07-04 | C57: 71306763 | D57: SMBL-01 | E57: (1881589750)TOKO KJI MART | F57: WARUNG NOO | G57: WARUNG NOO | H57: Consignment | J57: 10 | K57: =(P2*P57)+(Q2*Q57)+(R2*R57)+(S2*S57)+(T2*T57)+(U2*U57)+(V2*V57)+(W2*W57)+(X2*X57)+(Y2*Y57)+(Z2*Z57)+(AA2*AA57)+(AB2*AB57)+(AC2*AC57)+(AD2*AD57)+(AE2*AE57)+(AF2*AF57)+(AG2*AG57)+(AH2*AH57)+(AI2*AI57)+(AJ2*AJ57)+(AK2*AK57)+(AL2*AL57)+(AM2*AM57)+(AN2*AN57)+(AO2*AO57)+(AP2*AP57)+(AQ2*AQ57)+(AR2*AR57)+(AS2*AS57)+(AT2*AT57)+(AU2*AU57)+(AV2*AV57)+(AW2*AW57)+(AX2*AX57)+(AY2*AY57)+(AZ2*AZ57)+(BA2*BA57)+(BB2*BB57)+(BC2*BC57)+(BD2*BD57)+(BE2*BE57)+(BF2*BF57)+(BG2*BG57)+(BH2*BH57)+(BI2*BI57)+(BJ2*BJ57)+(BK2*BK57)+(BL2*BL57)+(BM2*BM57)+(BN2*BN57)+(BO2*BO57)+(BP2*BP57)+(BQ2*BQ57)+(BR2*BR57)+(BS2*BS57)+(BT2*BT57)+(BU2*BU57)+(BV2*BV57)+(BW2*BW57)+(BX2*BX57)+(BY2*BY57)+(BZ2*BZ57)+(CA2*CA57)+(CB2*CB57)+(CC2*CC57)+(CD2*CD57) | L57: =K57-(K57*J57/100) | M57: =ROUND(L57/1.11, 2) | N57: =SUM(P57:CD57) | O57: =COUNTIF(P57:CD57,">0") | P57: 0 | Q57: 0 | R57: 0 | S57: 0 | T57: 0 | U57: 0 | V57: 0 | W57: 0 | X57: 0 | Y57: 0 | Z57: 0 | AA57: 0 | AB57: 0 | AC57: 0 | AD57: 0 | AE57: 0 | AF57: 0 | AG57: 0 | AH57: 0 | AI57: 0 | AJ57: 0 | AK57: 0 | AL57: 0 | AM57: 0 | AN57: 0 | AO57: 0 | AP57: 0 | AQ57: 0 | AR57: 0 | AS57: 0 | AT57: 0 | AU57: 0 | AV57: 0 | AW57: 0 | AX57: 0 | AY57: 0 | AZ57: 0 | BA57: 0 | BB57: 0 | BC57: 0 | BD57: 0 | BE57: 0 | BF57: 0 | BG57: 0 | BH57: 0 | BI57: 0 | BJ57: 0 | BK57: 0 | BL57: 0 | BM57: 0 | BN57: 0 | BO57: 0 | BP57: 0 | BQ57: 0 | BR57: 0 | BS57: 0 | BT57: 0 | BU57: 0 | BV57: 0 | BW57: 0 | BX57: 0 | BY57: 0 | BZ57: 0 | CA57: 0 | CB57: 0 | CC57: 0 | CD57: 0
A58: 56 | B58: 2026-07-04 | C58: 71306763 | D58: SMBL-01 | E58: (1881589751)TOKO CHANDRA KENCANA | F58: WARUNG NOO | G58: WARUNG NOO | H58: Consignment | J58: 10 | K58: =(P2*P58)+(Q2*Q58)+(R2*R58)+(S2*S58)+(T2*T58)+(U2*U58)+(V2*V58)+(W2*W58)+(X2*X58)+(Y2*Y58)+(Z2*Z58)+(AA2*AA58)+(AB2*AB58)+(AC2*AC58)+(AD2*AD58)+(AE2*AE58)+(AF2*AF58)+(AG2*AG58)+(AH2*AH58)+(AI2*AI58)+(AJ2*AJ58)+(AK2*AK58)+(AL2*AL58)+(AM2*AM58)+(AN2*AN58)+(AO2*AO58)+(AP2*AP58)+(AQ2*AQ58)+(AR2*AR58)+(AS2*AS58)+(AT2*AT58)+(AU2*AU58)+(AV2*AV58)+(AW2*AW58)+(AX2*AX58)+(AY2*AY58)+(AZ2*AZ58)+(BA2*BA58)+(BB2*BB58)+(BC2*BC58)+(BD2*BD58)+(BE2*BE58)+(BF2*BF58)+(BG2*BG58)+(BH2*BH58)+(BI2*BI58)+(BJ2*BJ58)+(BK2*BK58)+(BL2*BL58)+(BM2*BM58)+(BN2*BN58)+(BO2*BO58)+(BP2*BP58)+(BQ2*BQ58)+(BR2*BR58)+(BS2*BS58)+(BT2*BT58)+(BU2*BU58)+(BV2*BV58)+(BW2*BW58)+(BX2*BX58)+(BY2*BY58)+(BZ2*BZ58)+(CA2*CA58)+(CB2*CB58)+(CC2*CC58)+(CD2*CD58) | L58: =K58-(K58*J58/100) | M58: =ROUND(L58/1.11, 2) | N58: =SUM(P58:CD58) | O58: =COUNTIF(P58:CD58,">0") | P58: 0 | Q58: 0 | R58: 0 | S58: 0 | T58: 0 | U58: 0 | V58: 0 | W58: 0 | X58: 0 | Y58: 0 | Z58: 0 | AA58: 0 | AB58: 0 | AC58: 0 | AD58: 0 | AE58: 0 | AF58: 0 | AG58: 0 | AH58: 0 | AI58: 0 | AJ58: 0 | AK58: 0 | AL58: 0 | AM58: 0 | AN58: 0 | AO58: 0 | AP58: 0 | AQ58: 0 | AR58: 0 | AS58: 0 | AT58: 0 | AU58: 0 | AV58: 0 | AW58: 0 | AX58: 0 | AY58: 0 | AZ58: 0 | BA58: 0 | BB58: 0 | BC58: 0 | BD58: 0 | BE58: 0 | BF58: 0 | BG58: 0 | BH58: 0 | BI58: 0 | BJ58: 0 | BK58: 0 | BL58: 0 | BM58: 0 | BN58: 0 | BO58: 0 | BP58: 0 | BQ58: 0 | BR58: 0 | BS58: 0 | BT58: 0 | BU58: 0 | BV58: 0 | BW58: 0 | BX58: 0 | BY58: 0 | BZ58: 0 | CA58: 0 | CB58: 0 | CC58: 0 | CD58: 0
A59: 57 | B59: 2026-07-04 | C59: 71306764 | D59: SMTR-03 | E59: (1881578430)NAURA TOKO | F59: WARUNG NOO | G59: WARUNG NOO | H59: Consignment | J59: 10 | K59: =(P2*P59)+(Q2*Q59)+(R2*R59)+(S2*S59)+(T2*T59)+(U2*U59)+(V2*V59)+(W2*W59)+(X2*X59)+(Y2*Y59)+(Z2*Z59)+(AA2*AA59)+(AB2*AB59)+(AC2*AC59)+(AD2*AD59)+(AE2*AE59)+(AF2*AF59)+(AG2*AG59)+(AH2*AH59)+(AI2*AI59)+(AJ2*AJ59)+(AK2*AK59)+(AL2*AL59)+(AM2*AM59)+(AN2*AN59)+(AO2*AO59)+(AP2*AP59)+(AQ2*AQ59)+(AR2*AR59)+(AS2*AS59)+(AT2*AT59)+(AU2*AU59)+(AV2*AV59)+(AW2*AW59)+(AX2*AX59)+(AY2*AY59)+(AZ2*AZ59)+(BA2*BA59)+(BB2*BB59)+(BC2*BC59)+(BD2*BD59)+(BE2*BE59)+(BF2*BF59)+(BG2*BG59)+(BH2*BH59)+(BI2*BI59)+(BJ2*BJ59)+(BK2*BK59)+(BL2*BL59)+(BM2*BM59)+(BN2*BN59)+(BO2*BO59)+(BP2*BP59)+(BQ2*BQ59)+(BR2*BR59)+(BS2*BS59)+(BT2*BT59)+(BU2*BU59)+(BV2*BV59)+(BW2*BW59)+(BX2*BX59)+(BY2*BY59)+(BZ2*BZ59)+(CA2*CA59)+(CB2*CB59)+(CC2*CC59)+(CD2*CD59) | L59: =K59-(K59*J59/100) | M59: =ROUND(L59/1.11, 2) | N59: =SUM(P59:CD59) | O59: =COUNTIF(P59:CD59,">0") | P59: 0 | Q59: 0 | R59: 0 | S59: 0 | T59: 0 | U59: 0 | V59: 0 | W59: 0 | X59: 0 | Y59: 0 | Z59: 0 | AA59: 0 | AB59: 0 | AC59: 0 | AD59: 0 | AE59: 0 | AF59: 0 | AG59: 0 | AH59: 0 | AI59: 0 | AJ59: 0 | AK59: 0 | AL59: 0 | AM59: 0 | AN59: 0 | AO59: 0 | AP59: 0 | AQ59: 0 | AR59: 0 | AS59: 0 | AT59: 0 | AU59: 0 | AV59: 0 | AW59: 0 | AX59: 0 | AY59: 0 | AZ59: 0 | BA59: 0 | BB59: 0 | BC59: 0 | BD59: 0 | BE59: 0 | BF59: 0 | BG59: 0 | BH59: 0 | BI59: 0 | BJ59: 0 | BK59: 0 | BL59: 0 | BM59: 0 | BN59: 0 | BO59: 0 | BP59: 0 | BQ59: 0 | BR59: 0 | BS59: 0 | BT59: 0 | BU59: 0 | BV59: 0 | BW59: 0 | BX59: 0 | BY59: 0 | BZ59: 0 | CA59: 0 | CB59: 0 | CC59: 0 | CD59: 0
A60: 58 | B60: 2026-07-04 | C60: 71306764 | D60: SMTR-03 | E60: (1881578431)AMIN RANGKUTI TOKO | F60: WARUNG NOO | G60: WARUNG NOO | H60: Consignment | J60: 10 | K60: =(P2*P60)+(Q2*Q60)+(R2*R60)+(S2*S60)+(T2*T60)+(U2*U60)+(V2*V60)+(W2*W60)+(X2*X60)+(Y2*Y60)+(Z2*Z60)+(AA2*AA60)+(AB2*AB60)+(AC2*AC60)+(AD2*AD60)+(AE2*AE60)+(AF2*AF60)+(AG2*AG60)+(AH2*AH60)+(AI2*AI60)+(AJ2*AJ60)+(AK2*AK60)+(AL2*AL60)+(AM2*AM60)+(AN2*AN60)+(AO2*AO60)+(AP2*AP60)+(AQ2*AQ60)+(AR2*AR60)+(AS2*AS60)+(AT2*AT60)+(AU2*AU60)+(AV2*AV60)+(AW2*AW60)+(AX2*AX60)+(AY2*AY60)+(AZ2*AZ60)+(BA2*BA60)+(BB2*BB60)+(BC2*BC60)+(BD2*BD60)+(BE2*BE60)+(BF2*BF60)+(BG2*BG60)+(BH2*BH60)+(BI2*BI60)+(BJ2*BJ60)+(BK2*BK60)+(BL2*BL60)+(BM2*BM60)+(BN2*BN60)+(BO2*BO60)+(BP2*BP60)+(BQ2*BQ60)+(BR2*BR60)+(BS2*BS60)+(BT2*BT60)+(BU2*BU60)+(BV2*BV60)+(BW2*BW60)+(BX2*BX60)+(BY2*BY60)+(BZ2*BZ60)+(CA2*CA60)+(CB2*CB60)+(CC2*CC60)+(CD2*CD60) | L60: =K60-(K60*J60/100) | M60: =ROUND(L60/1.11, 2) | N60: =SUM(P60:CD60) | O60: =COUNTIF(P60:CD60,">0") | P60: 0 | Q60: 0 | R60: 0 | S60: 0 | T60: 0 | U60: 0 | V60: 0 | W60: 0 | X60: 0 | Y60: 0 | Z60: 0 | AA60: 0 | AB60: 0 | AC60: 0 | AD60: 0 | AE60: 0 | AF60: 0 | AG60: 0 | AH60: 0 | AI60: 0 | AJ60: 0 | AK60: 0 | AL60: 0 | AM60: 0 | AN60: 0 | AO60: 0 | AP60: 0 | AQ60: 0 | AR60: 0 | AS60: 0 | AT60: 0 | AU60: 0 | AV60: 0 | AW60: 0 | AX60: 0 | AY60: 0 | AZ60: 0 | BA60: 0 | BB60: 0 | BC60: 0 | BD60: 0 | BE60: 0 | BF60: 0 | BG60: 0 | BH60: 0 | BI60: 0 | BJ60: 0 | BK60: 0 | BL60: 0 | BM60: 0 | BN60: 0 | BO60: 0 | BP60: 0 | BQ60: 0 | BR60: 0 | BS60: 0 | BT60: 0 | BU60: 0 | BV60: 0 | BW60: 0 | BX60: 0 | BY60: 0 | BZ60: 0 | CA60: 0 | CB60: 0 | CC60: 0 | CD60: 0
A61: 59 | B61: 2026-07-04 | C61: 71306764 | D61: SMTR-03 | E61: (1881578433)EVA TOKO | F61: WARUNG NOO | G61: WARUNG NOO | H61: Consignment | J61: 10 | K61: =(P2*P61)+(Q2*Q61)+(R2*R61)+(S2*S61)+(T2*T61)+(U2*U61)+(V2*V61)+(W2*W61)+(X2*X61)+(Y2*Y61)+(Z2*Z61)+(AA2*AA61)+(AB2*AB61)+(AC2*AC61)+(AD2*AD61)+(AE2*AE61)+(AF2*AF61)+(AG2*AG61)+(AH2*AH61)+(AI2*AI61)+(AJ2*AJ61)+(AK2*AK61)+(AL2*AL61)+(AM2*AM61)+(AN2*AN61)+(AO2*AO61)+(AP2*AP61)+(AQ2*AQ61)+(AR2*AR61)+(AS2*AS61)+(AT2*AT61)+(AU2*AU61)+(AV2*AV61)+(AW2*AW61)+(AX2*AX61)+(AY2*AY61)+(AZ2*AZ61)+(BA2*BA61)+(BB2*BB61)+(BC2*BC61)+(BD2*BD61)+(BE2*BE61)+(BF2*BF61)+(BG2*BG61)+(BH2*BH61)+(BI2*BI61)+(BJ2*BJ61)+(BK2*BK61)+(BL2*BL61)+(BM2*BM61)+(BN2*BN61)+(BO2*BO61)+(BP2*BP61)+(BQ2*BQ61)+(BR2*BR61)+(BS2*BS61)+(BT2*BT61)+(BU2*BU61)+(BV2*BV61)+(BW2*BW61)+(BX2*BX61)+(BY2*BY61)+(BZ2*BZ61)+(CA2*CA61)+(CB2*CB61)+(CC2*CC61)+(CD2*CD61) | L61: =K61-(K61*J61/100) | M61: =ROUND(L61/1.11, 2) | N61: =SUM(P61:CD61) | O61: =COUNTIF(P61:CD61,">0") | P61: 0 | Q61: 0 | R61: 0 | S61: 0 | T61: 0 | U61: 0 | V61: 0 | W61: 0 | X61: 0 | Y61: 0 | Z61: 0 | AA61: 0 | AB61: 0 | AC61: 0 | AD61: 0 | AE61: 0 | AF61: 0 | AG61: 0 | AH61: 0 | AI61: 0 | AJ61: 0 | AK61: 0 | AL61: 0 | AM61: 0 | AN61: 0 | AO61: 0 | AP61: 0 | AQ61: 0 | AR61: 0 | AS61: 0 | AT61: 0 | AU61: 0 | AV61: 0 | AW61: 0 | AX61: 0 | AY61: 0 | AZ61: 0 | BA61: 0 | BB61: 0 | BC61: 0 | BD61: 0 | BE61: 0 | BF61: 0 | BG61: 0 | BH61: 0 | BI61: 0 | BJ61: 0 | BK61: 0 | BL61: 0 | BM61: 0 | BN61: 0 | BO61: 0 | BP61: 0 | BQ61: 0 | BR61: 0 | BS61: 0 | BT61: 0 | BU61: 0 | BV61: 0 | BW61: 0 | BX61: 0 | BY61: 0 | BZ61: 0 | CA61: 0 | CB61: 0 | CC61: 0 | CD61: 0
A62: 60 | B62: 2026-07-04 | C62: 71306764 | D62: SMTR-03 | E62: (1881578434)RITONGA TOKO | F62: WARUNG NOO | G62: WARUNG NOO | H62: Consignment | J62: 10 | K62: =(P2*P62)+(Q2*Q62)+(R2*R62)+(S2*S62)+(T2*T62)+(U2*U62)+(V2*V62)+(W2*W62)+(X2*X62)+(Y2*Y62)+(Z2*Z62)+(AA2*AA62)+(AB2*AB62)+(AC2*AC62)+(AD2*AD62)+(AE2*AE62)+(AF2*AF62)+(AG2*AG62)+(AH2*AH62)+(AI2*AI62)+(AJ2*AJ62)+(AK2*AK62)+(AL2*AL62)+(AM2*AM62)+(AN2*AN62)+(AO2*AO62)+(AP2*AP62)+(AQ2*AQ62)+(AR2*AR62)+(AS2*AS62)+(AT2*AT62)+(AU2*AU62)+(AV2*AV62)+(AW2*AW62)+(AX2*AX62)+(AY2*AY62)+(AZ2*AZ62)+(BA2*BA62)+(BB2*BB62)+(BC2*BC62)+(BD2*BD62)+(BE2*BE62)+(BF2*BF62)+(BG2*BG62)+(BH2*BH62)+(BI2*BI62)+(BJ2*BJ62)+(BK2*BK62)+(BL2*BL62)+(BM2*BM62)+(BN2*BN62)+(BO2*BO62)+(BP2*BP62)+(BQ2*BQ62)+(BR2*BR62)+(BS2*BS62)+(BT2*BT62)+(BU2*BU62)+(BV2*BV62)+(BW2*BW62)+(BX2*BX62)+(BY2*BY62)+(BZ2*BZ62)+(CA2*CA62)+(CB2*CB62)+(CC2*CC62)+(CD2*CD62) | L62: =K62-(K62*J62/100) | M62: =ROUND(L62/1.11, 2) | N62: =SUM(P62:CD62) | O62: =COUNTIF(P62:CD62,">0") | P62: 0 | Q62: 0 | R62: 0 | S62: 0 | T62: 0 | U62: 0 | V62: 0 | W62: 0 | X62: 0 | Y62: 0 | Z62: 0 | AA62: 0 | AB62: 0 | AC62: 0 | AD62: 0 | AE62: 0 | AF62: 0 | AG62: 0 | AH62: 0 | AI62: 0 | AJ62: 0 | AK62: 0 | AL62: 0 | AM62: 0 | AN62: 0 | AO62: 0 | AP62: 0 | AQ62: 0 | AR62: 0 | AS62: 0 | AT62: 0 | AU62: 0 | AV62: 0 | AW62: 0 | AX62: 0 | AY62: 0 | AZ62: 0 | BA62: 0 | BB62: 0 | BC62: 0 | BD62: 0 | BE62: 0 | BF62: 0 | BG62: 0 | BH62: 0 | BI62: 0 | BJ62: 0 | BK62: 0 | BL62: 0 | BM62: 0 | BN62: 0 | BO62: 0 | BP62: 0 | BQ62: 0 | BR62: 0 | BS62: 0 | BT62: 0 | BU62: 0 | BV62: 0 | BW62: 0 | BX62: 0 | BY62: 0 | BZ62: 0 | CA62: 0 | CB62: 0 | CC62: 0 | CD62: 0
A63: 61 | B63: 2026-07-04 | C63: 71306764 | D63: SMTR-03 | E63: (1881578435)DELIMA TOKO | F63: WARUNG NOO | G63: WARUNG NOO | H63: Consignment | J63: 10 | K63: =(P2*P63)+(Q2*Q63)+(R2*R63)+(S2*S63)+(T2*T63)+(U2*U63)+(V2*V63)+(W2*W63)+(X2*X63)+(Y2*Y63)+(Z2*Z63)+(AA2*AA63)+(AB2*AB63)+(AC2*AC63)+(AD2*AD63)+(AE2*AE63)+(AF2*AF63)+(AG2*AG63)+(AH2*AH63)+(AI2*AI63)+(AJ2*AJ63)+(AK2*AK63)+(AL2*AL63)+(AM2*AM63)+(AN2*AN63)+(AO2*AO63)+(AP2*AP63)+(AQ2*AQ63)+(AR2*AR63)+(AS2*AS63)+(AT2*AT63)+(AU2*AU63)+(AV2*AV63)+(AW2*AW63)+(AX2*AX63)+(AY2*AY63)+(AZ2*AZ63)+(BA2*BA63)+(BB2*BB63)+(BC2*BC63)+(BD2*BD63)+(BE2*BE63)+(BF2*BF63)+(BG2*BG63)+(BH2*BH63)+(BI2*BI63)+(BJ2*BJ63)+(BK2*BK63)+(BL2*BL63)+(BM2*BM63)+(BN2*BN63)+(BO2*BO63)+(BP2*BP63)+(BQ2*BQ63)+(BR2*BR63)+(BS2*BS63)+(BT2*BT63)+(BU2*BU63)+(BV2*BV63)+(BW2*BW63)+(BX2*BX63)+(BY2*BY63)+(BZ2*BZ63)+(CA2*CA63)+(CB2*CB63)+(CC2*CC63)+(CD2*CD63) | L63: =K63-(K63*J63/100) | M63: =ROUND(L63/1.11, 2) | N63: =SUM(P63:CD63) | O63: =COUNTIF(P63:CD63,">0") | P63: 0 | Q63: 0 | R63: 0 | S63: 0 | T63: 0 | U63: 0 | V63: 0 | W63: 0 | X63: 0 | Y63: 0 | Z63: 0 | AA63: 0 | AB63: 0 | AC63: 0 | AD63: 0 | AE63: 0 | AF63: 0 | AG63: 0 | AH63: 0 | AI63: 0 | AJ63: 0 | AK63: 0 | AL63: 0 | AM63: 0 | AN63: 0 | AO63: 0 | AP63: 0 | AQ63: 0 | AR63: 0 | AS63: 0 | AT63: 0 | AU63: 0 | AV63: 0 | AW63: 0 | AX63: 0 | AY63: 0 | AZ63: 0 | BA63: 0 | BB63: 0 | BC63: 0 | BD63: 0 | BE63: 0 | BF63: 0 | BG63: 0 | BH63: 0 | BI63: 0 | BJ63: 0 | BK63: 0 | BL63: 0 | BM63: 0 | BN63: 0 | BO63: 0 | BP63: 0 | BQ63: 0 | BR63: 0 | BS63: 0 | BT63: 0 | BU63: 0 | BV63: 0 | BW63: 0 | BX63: 0 | BY63: 0 | BZ63: 0 | CA63: 0 | CB63: 0 | CC63: 0 | CD63: 0
A64: 62 | B64: 2026-07-04 | C64: 71306764 | D64: SMTR-03 | E64: (1881578436)MAISAH TOKO | F64: WARUNG NOO | G64: WARUNG NOO | H64: Consignment | J64: 10 | K64: =(P2*P64)+(Q2*Q64)+(R2*R64)+(S2*S64)+(T2*T64)+(U2*U64)+(V2*V64)+(W2*W64)+(X2*X64)+(Y2*Y64)+(Z2*Z64)+(AA2*AA64)+(AB2*AB64)+(AC2*AC64)+(AD2*AD64)+(AE2*AE64)+(AF2*AF64)+(AG2*AG64)+(AH2*AH64)+(AI2*AI64)+(AJ2*AJ64)+(AK2*AK64)+(AL2*AL64)+(AM2*AM64)+(AN2*AN64)+(AO2*AO64)+(AP2*AP64)+(AQ2*AQ64)+(AR2*AR64)+(AS2*AS64)+(AT2*AT64)+(AU2*AU64)+(AV2*AV64)+(AW2*AW64)+(AX2*AX64)+(AY2*AY64)+(AZ2*AZ64)+(BA2*BA64)+(BB2*BB64)+(BC2*BC64)+(BD2*BD64)+(BE2*BE64)+(BF2*BF64)+(BG2*BG64)+(BH2*BH64)+(BI2*BI64)+(BJ2*BJ64)+(BK2*BK64)+(BL2*BL64)+(BM2*BM64)+(BN2*BN64)+(BO2*BO64)+(BP2*BP64)+(BQ2*BQ64)+(BR2*BR64)+(BS2*BS64)+(BT2*BT64)+(BU2*BU64)+(BV2*BV64)+(BW2*BW64)+(BX2*BX64)+(BY2*BY64)+(BZ2*BZ64)+(CA2*CA64)+(CB2*CB64)+(CC2*CC64)+(CD2*CD64) | L64: =K64-(K64*J64/100) | M64: =ROUND(L64/1.11, 2) | N64: =SUM(P64:CD64) | O64: =COUNTIF(P64:CD64,">0") | P64: 0 | Q64: 0 | R64: 0 | S64: 0 | T64: 0 | U64: 0 | V64: 0 | W64: 0 | X64: 0 | Y64: 0 | Z64: 0 | AA64: 0 | AB64: 0 | AC64: 0 | AD64: 0 | AE64: 0 | AF64: 0 | AG64: 0 | AH64: 0 | AI64: 0 | AJ64: 0 | AK64: 0 | AL64: 0 | AM64: 0 | AN64: 0 | AO64: 0 | AP64: 0 | AQ64: 0 | AR64: 0 | AS64: 0 | AT64: 0 | AU64: 0 | AV64: 0 | AW64: 0 | AX64: 0 | AY64: 0 | AZ64: 0 | BA64: 0 | BB64: 0 | BC64: 0 | BD64: 0 | BE64: 0 | BF64: 0 | BG64: 0 | BH64: 0 | BI64: 0 | BJ64: 0 | BK64: 0 | BL64: 0 | BM64: 0 | BN64: 0 | BO64: 0 | BP64: 0 | BQ64: 0 | BR64: 0 | BS64: 0 | BT64: 0 | BU64: 0 | BV64: 0 | BW64: 0 | BX64: 0 | BY64: 0 | BZ64: 0 | CA64: 0 | CB64: 0 | CC64: 0 | CD64: 0
A65: 63 | B65: 2026-07-04 | C65: 71306764 | D65: SMTR-03 | E65: (1881578737)MAMA APRIL TOKO | F65: WARUNG NOO | G65: WARUNG NOO | H65: Consignment | J65: 10 | K65: =(P2*P65)+(Q2*Q65)+(R2*R65)+(S2*S65)+(T2*T65)+(U2*U65)+(V2*V65)+(W2*W65)+(X2*X65)+(Y2*Y65)+(Z2*Z65)+(AA2*AA65)+(AB2*AB65)+(AC2*AC65)+(AD2*AD65)+(AE2*AE65)+(AF2*AF65)+(AG2*AG65)+(AH2*AH65)+(AI2*AI65)+(AJ2*AJ65)+(AK2*AK65)+(AL2*AL65)+(AM2*AM65)+(AN2*AN65)+(AO2*AO65)+(AP2*AP65)+(AQ2*AQ65)+(AR2*AR65)+(AS2*AS65)+(AT2*AT65)+(AU2*AU65)+(AV2*AV65)+(AW2*AW65)+(AX2*AX65)+(AY2*AY65)+(AZ2*AZ65)+(BA2*BA65)+(BB2*BB65)+(BC2*BC65)+(BD2*BD65)+(BE2*BE65)+(BF2*BF65)+(BG2*BG65)+(BH2*BH65)+(BI2*BI65)+(BJ2*BJ65)+(BK2*BK65)+(BL2*BL65)+(BM2*BM65)+(BN2*BN65)+(BO2*BO65)+(BP2*BP65)+(BQ2*BQ65)+(BR2*BR65)+(BS2*BS65)+(BT2*BT65)+(BU2*BU65)+(BV2*BV65)+(BW2*BW65)+(BX2*BX65)+(BY2*BY65)+(BZ2*BZ65)+(CA2*CA65)+(CB2*CB65)+(CC2*CC65)+(CD2*CD65) | L65: =K65-(K65*J65/100) | M65: =ROUND(L65/1.11, 2) | N65: =SUM(P65:CD65) | O65: =COUNTIF(P65:CD65,">0") | P65: 0 | Q65: 0 | R65: 0 | S65: 0 | T65: 0 | U65: 0 | V65: 0 | W65: 0 | X65: 0 | Y65: 0 | Z65: 0 | AA65: 0 | AB65: 0 | AC65: 0 | AD65: 0 | AE65: 0 | AF65: 0 | AG65: 0 | AH65: 0 | AI65: 0 | AJ65: 0 | AK65: 0 | AL65: 0 | AM65: 0 | AN65: 0 | AO65: 0 | AP65: 0 | AQ65: 0 | AR65: 0 | AS65: 0 | AT65: 0 | AU65: 0 | AV65: 0 | AW65: 0 | AX65: 0 | AY65: 0 | AZ65: 0 | BA65: 0 | BB65: 0 | BC65: 0 | BD65: 0 | BE65: 0 | BF65: 0 | BG65: 0 | BH65: 0 | BI65: 0 | BJ65: 0 | BK65: 0 | BL65: 0 | BM65: 0 | BN65: 0 | BO65: 0 | BP65: 0 | BQ65: 0 | BR65: 0 | BS65: 0 | BT65: 0 | BU65: 0 | BV65: 0 | BW65: 0 | BX65: 0 | BY65: 0 | BZ65: 0 | CA65: 0 | CB65: 0 | CC65: 0 | CD65: 0
A66: 64 | B66: 2026-07-04 | C66: 71306764 | D66: SMTR-03 | E66: (1881579658)TOKO ALWI | F66: WARUNG NOO | G66: WARUNG NOO | H66: Consignment | J66: 10 | K66: =(P2*P66)+(Q2*Q66)+(R2*R66)+(S2*S66)+(T2*T66)+(U2*U66)+(V2*V66)+(W2*W66)+(X2*X66)+(Y2*Y66)+(Z2*Z66)+(AA2*AA66)+(AB2*AB66)+(AC2*AC66)+(AD2*AD66)+(AE2*AE66)+(AF2*AF66)+(AG2*AG66)+(AH2*AH66)+(AI2*AI66)+(AJ2*AJ66)+(AK2*AK66)+(AL2*AL66)+(AM2*AM66)+(AN2*AN66)+(AO2*AO66)+(AP2*AP66)+(AQ2*AQ66)+(AR2*AR66)+(AS2*AS66)+(AT2*AT66)+(AU2*AU66)+(AV2*AV66)+(AW2*AW66)+(AX2*AX66)+(AY2*AY66)+(AZ2*AZ66)+(BA2*BA66)+(BB2*BB66)+(BC2*BC66)+(BD2*BD66)+(BE2*BE66)+(BF2*BF66)+(BG2*BG66)+(BH2*BH66)+(BI2*BI66)+(BJ2*BJ66)+(BK2*BK66)+(BL2*BL66)+(BM2*BM66)+(BN2*BN66)+(BO2*BO66)+(BP2*BP66)+(BQ2*BQ66)+(BR2*BR66)+(BS2*BS66)+(BT2*BT66)+(BU2*BU66)+(BV2*BV66)+(BW2*BW66)+(BX2*BX66)+(BY2*BY66)+(BZ2*BZ66)+(CA2*CA66)+(CB2*CB66)+(CC2*CC66)+(CD2*CD66) | L66: =K66-(K66*J66/100) | M66: =ROUND(L66/1.11, 2) | N66: =SUM(P66:CD66) | O66: =COUNTIF(P66:CD66,">0") | P66: 0 | Q66: 0 | R66: 0 | S66: 0 | T66: 0 | U66: 0 | V66: 0 | W66: 0 | X66: 0 | Y66: 0 | Z66: 0 | AA66: 0 | AB66: 0 | AC66: 0 | AD66: 0 | AE66: 0 | AF66: 0 | AG66: 0 | AH66: 0 | AI66: 0 | AJ66: 0 | AK66: 0 | AL66: 0 | AM66: 0 | AN66: 0 | AO66: 0 | AP66: 0 | AQ66: 0 | AR66: 0 | AS66: 0 | AT66: 0 | AU66: 0 | AV66: 0 | AW66: 0 | AX66: 0 | AY66: 0 | AZ66: 0 | BA66: 0 | BB66: 0 | BC66: 0 | BD66: 0 | BE66: 0 | BF66: 0 | BG66: 0 | BH66: 0 | BI66: 0 | BJ66: 0 | BK66: 0 | BL66: 0 | BM66: 0 | BN66: 0 | BO66: 0 | BP66: 0 | BQ66: 0 | BR66: 0 | BS66: 0 | BT66: 0 | BU66: 0 | BV66: 0 | BW66: 0 | BX66: 0 | BY66: 0 | BZ66: 0 | CA66: 0 | CB66: 0 | CC66: 0 | CD66: 0
A67: 65 | B67: 2026-07-04 | C67: 71306764 | D67: SMTR-03 | E67: (1881581679)TOKO SRC LANA | F67: WARUNG NOO | G67: WARUNG NOO | H67: Consignment | J67: 10 | K67: =(P2*P67)+(Q2*Q67)+(R2*R67)+(S2*S67)+(T2*T67)+(U2*U67)+(V2*V67)+(W2*W67)+(X2*X67)+(Y2*Y67)+(Z2*Z67)+(AA2*AA67)+(AB2*AB67)+(AC2*AC67)+(AD2*AD67)+(AE2*AE67)+(AF2*AF67)+(AG2*AG67)+(AH2*AH67)+(AI2*AI67)+(AJ2*AJ67)+(AK2*AK67)+(AL2*AL67)+(AM2*AM67)+(AN2*AN67)+(AO2*AO67)+(AP2*AP67)+(AQ2*AQ67)+(AR2*AR67)+(AS2*AS67)+(AT2*AT67)+(AU2*AU67)+(AV2*AV67)+(AW2*AW67)+(AX2*AX67)+(AY2*AY67)+(AZ2*AZ67)+(BA2*BA67)+(BB2*BB67)+(BC2*BC67)+(BD2*BD67)+(BE2*BE67)+(BF2*BF67)+(BG2*BG67)+(BH2*BH67)+(BI2*BI67)+(BJ2*BJ67)+(BK2*BK67)+(BL2*BL67)+(BM2*BM67)+(BN2*BN67)+(BO2*BO67)+(BP2*BP67)+(BQ2*BQ67)+(BR2*BR67)+(BS2*BS67)+(BT2*BT67)+(BU2*BU67)+(BV2*BV67)+(BW2*BW67)+(BX2*BX67)+(BY2*BY67)+(BZ2*BZ67)+(CA2*CA67)+(CB2*CB67)+(CC2*CC67)+(CD2*CD67) | L67: =K67-(K67*J67/100) | M67: =ROUND(L67/1.11, 2) | N67: =SUM(P67:CD67) | O67: =COUNTIF(P67:CD67,">0") | P67: 0 | Q67: 0 | R67: 0 | S67: 0 | T67: 0 | U67: 0 | V67: 0 | W67: 0 | X67: 0 | Y67: 0 | Z67: 0 | AA67: 0 | AB67: 0 | AC67: 0 | AD67: 0 | AE67: 0 | AF67: 0 | AG67: 0 | AH67: 0 | AI67: 0 | AJ67: 0 | AK67: 0 | AL67: 0 | AM67: 0 | AN67: 0 | AO67: 0 | AP67: 0 | AQ67: 0 | AR67: 0 | AS67: 0 | AT67: 0 | AU67: 0 | AV67: 0 | AW67: 0 | AX67: 0 | AY67: 0 | AZ67: 0 | BA67: 0 | BB67: 0 | BC67: 0 | BD67: 0 | BE67: 0 | BF67: 0 | BG67: 0 | BH67: 0 | BI67: 0 | BJ67: 0 | BK67: 0 | BL67: 0 | BM67: 0 | BN67: 0 | BO67: 0 | BP67: 0 | BQ67: 0 | BR67: 0 | BS67: 0 | BT67: 0 | BU67: 0 | BV67: 0 | BW67: 0 | BX67: 0 | BY67: 0 | BZ67: 0 | CA67: 0 | CB67: 0 | CC67: 0 | CD67: 0
A68: 66 | B68: 2026-07-04 | C68: 71306764 | D68: SMTR-03 | E68: (1881581681)TOKO WARUNG FARUQ | F68: WARUNG NOO | G68: WARUNG NOO | H68: Consignment | J68: 10 | K68: =(P2*P68)+(Q2*Q68)+(R2*R68)+(S2*S68)+(T2*T68)+(U2*U68)+(V2*V68)+(W2*W68)+(X2*X68)+(Y2*Y68)+(Z2*Z68)+(AA2*AA68)+(AB2*AB68)+(AC2*AC68)+(AD2*AD68)+(AE2*AE68)+(AF2*AF68)+(AG2*AG68)+(AH2*AH68)+(AI2*AI68)+(AJ2*AJ68)+(AK2*AK68)+(AL2*AL68)+(AM2*AM68)+(AN2*AN68)+(AO2*AO68)+(AP2*AP68)+(AQ2*AQ68)+(AR2*AR68)+(AS2*AS68)+(AT2*AT68)+(AU2*AU68)+(AV2*AV68)+(AW2*AW68)+(AX2*AX68)+(AY2*AY68)+(AZ2*AZ68)+(BA2*BA68)+(BB2*BB68)+(BC2*BC68)+(BD2*BD68)+(BE2*BE68)+(BF2*BF68)+(BG2*BG68)+(BH2*BH68)+(BI2*BI68)+(BJ2*BJ68)+(BK2*BK68)+(BL2*BL68)+(BM2*BM68)+(BN2*BN68)+(BO2*BO68)+(BP2*BP68)+(BQ2*BQ68)+(BR2*BR68)+(BS2*BS68)+(BT2*BT68)+(BU2*BU68)+(BV2*BV68)+(BW2*BW68)+(BX2*BX68)+(BY2*BY68)+(BZ2*BZ68)+(CA2*CA68)+(CB2*CB68)+(CC2*CC68)+(CD2*CD68) | L68: =K68-(K68*J68/100) | M68: =ROUND(L68/1.11, 2) | N68: =SUM(P68:CD68) | O68: =COUNTIF(P68:CD68,">0") | P68: 0 | Q68: 0 | R68: 0 | S68: 0 | T68: 0 | U68: 0 | V68: 0 | W68: 0 | X68: 0 | Y68: 0 | Z68: 0 | AA68: 0 | AB68: 0 | AC68: 0 | AD68: 0 | AE68: 0 | AF68: 0 | AG68: 0 | AH68: 0 | AI68: 0 | AJ68: 0 | AK68: 0 | AL68: 0 | AM68: 0 | AN68: 0 | AO68: 0 | AP68: 0 | AQ68: 0 | AR68: 0 | AS68: 0 | AT68: 0 | AU68: 0 | AV68: 0 | AW68: 0 | AX68: 0 | AY68: 0 | AZ68: 0 | BA68: 0 | BB68: 0 | BC68: 0 | BD68: 0 | BE68: 0 | BF68: 0 | BG68: 0 | BH68: 0 | BI68: 0 | BJ68: 0 | BK68: 0 | BL68: 0 | BM68: 0 | BN68: 0 | BO68: 0 | BP68: 0 | BQ68: 0 | BR68: 0 | BS68: 0 | BT68: 0 | BU68: 0 | BV68: 0 | BW68: 0 | BX68: 0 | BY68: 0 | BZ68: 0 | CA68: 0 | CB68: 0 | CC68: 0 | CD68: 0
A69: 67 | B69: 2026-07-04 | C69: 71306764 | D69: SMTR-03 | E69: (1881581684)TOKO HIRO | F69: WARUNG NOO | G69: WARUNG NOO | H69: Consignment | J69: 10 | K69: =(P2*P69)+(Q2*Q69)+(R2*R69)+(S2*S69)+(T2*T69)+(U2*U69)+(V2*V69)+(W2*W69)+(X2*X69)+(Y2*Y69)+(Z2*Z69)+(AA2*AA69)+(AB2*AB69)+(AC2*AC69)+(AD2*AD69)+(AE2*AE69)+(AF2*AF69)+(AG2*AG69)+(AH2*AH69)+(AI2*AI69)+(AJ2*AJ69)+(AK2*AK69)+(AL2*AL69)+(AM2*AM69)+(AN2*AN69)+(AO2*AO69)+(AP2*AP69)+(AQ2*AQ69)+(AR2*AR69)+(AS2*AS69)+(AT2*AT69)+(AU2*AU69)+(AV2*AV69)+(AW2*AW69)+(AX2*AX69)+(AY2*AY69)+(AZ2*AZ69)+(BA2*BA69)+(BB2*BB69)+(BC2*BC69)+(BD2*BD69)+(BE2*BE69)+(BF2*BF69)+(BG2*BG69)+(BH2*BH69)+(BI2*BI69)+(BJ2*BJ69)+(BK2*BK69)+(BL2*BL69)+(BM2*BM69)+(BN2*BN69)+(BO2*BO69)+(BP2*BP69)+(BQ2*BQ69)+(BR2*BR69)+(BS2*BS69)+(BT2*BT69)+(BU2*BU69)+(BV2*BV69)+(BW2*BW69)+(BX2*BX69)+(BY2*BY69)+(BZ2*BZ69)+(CA2*CA69)+(CB2*CB69)+(CC2*CC69)+(CD2*CD69) | L69: =K69-(K69*J69/100) | M69: =ROUND(L69/1.11, 2) | N69: =SUM(P69:CD69) | O69: =COUNTIF(P69:CD69,">0") | P69: 0 | Q69: 0 | R69: 0 | S69: 0 | T69: 0 | U69: 0 | V69: 0 | W69: 0 | X69: 0 | Y69: 0 | Z69: 0 | AA69: 0 | AB69: 0 | AC69: 0 | AD69: 0 | AE69: 0 | AF69: 0 | AG69: 0 | AH69: 0 | AI69: 0 | AJ69: 0 | AK69: 0 | AL69: 0 | AM69: 0 | AN69: 0 | AO69: 0 | AP69: 0 | AQ69: 0 | AR69: 0 | AS69: 0 | AT69: 0 | AU69: 0 | AV69: 0 | AW69: 0 | AX69: 0 | AY69: 0 | AZ69: 0 | BA69: 0 | BB69: 0 | BC69: 0 | BD69: 0 | BE69: 0 | BF69: 0 | BG69: 0 | BH69: 0 | BI69: 0 | BJ69: 0 | BK69: 0 | BL69: 0 | BM69: 0 | BN69: 0 | BO69: 0 | BP69: 0 | BQ69: 0 | BR69: 0 | BS69: 0 | BT69: 0 | BU69: 0 | BV69: 0 | BW69: 0 | BX69: 0 | BY69: 0 | BZ69: 0 | CA69: 0 | CB69: 0 | CC69: 0 | CD69: 0
A70: 68 | B70: 2026-07-04 | C70: 71306764 | D70: SMTR-03 | E70: (1881581685)TOKO HAJI JUKI | F70: WARUNG NOO | G70: WARUNG NOO | H70: Consignment | J70: 10 | K70: =(P2*P70)+(Q2*Q70)+(R2*R70)+(S2*S70)+(T2*T70)+(U2*U70)+(V2*V70)+(W2*W70)+(X2*X70)+(Y2*Y70)+(Z2*Z70)+(AA2*AA70)+(AB2*AB70)+(AC2*AC70)+(AD2*AD70)+(AE2*AE70)+(AF2*AF70)+(AG2*AG70)+(AH2*AH70)+(AI2*AI70)+(AJ2*AJ70)+(AK2*AK70)+(AL2*AL70)+(AM2*AM70)+(AN2*AN70)+(AO2*AO70)+(AP2*AP70)+(AQ2*AQ70)+(AR2*AR70)+(AS2*AS70)+(AT2*AT70)+(AU2*AU70)+(AV2*AV70)+(AW2*AW70)+(AX2*AX70)+(AY2*AY70)+(AZ2*AZ70)+(BA2*BA70)+(BB2*BB70)+(BC2*BC70)+(BD2*BD70)+(BE2*BE70)+(BF2*BF70)+(BG2*BG70)+(BH2*BH70)+(BI2*BI70)+(BJ2*BJ70)+(BK2*BK70)+(BL2*BL70)+(BM2*BM70)+(BN2*BN70)+(BO2*BO70)+(BP2*BP70)+(BQ2*BQ70)+(BR2*BR70)+(BS2*BS70)+(BT2*BT70)+(BU2*BU70)+(BV2*BV70)+(BW2*BW70)+(BX2*BX70)+(BY2*BY70)+(BZ2*BZ70)+(CA2*CA70)+(CB2*CB70)+(CC2*CC70)+(CD2*CD70) | L70: =K70-(K70*J70/100) | M70: =ROUND(L70/1.11, 2) | N70: =SUM(P70:CD70) | O70: =COUNTIF(P70:CD70,">0") | P70: 0 | Q70: 0 | R70: 0 | S70: 0 | T70: 0 | U70: 0 | V70: 0 | W70: 0 | X70: 0 | Y70: 0 | Z70: 0 | AA70: 0 | AB70: 0 | AC70: 0 | AD70: 0 | AE70: 0 | AF70: 0 | AG70: 0 | AH70: 0 | AI70: 0 | AJ70: 0 | AK70: 0 | AL70: 0 | AM70: 0 | AN70: 0 | AO70: 0 | AP70: 0 | AQ70: 0 | AR70: 0 | AS70: 0 | AT70: 0 | AU70: 0 | AV70: 0 | AW70: 0 | AX70: 0 | AY70: 0 | AZ70: 0 | BA70: 0 | BB70: 0 | BC70: 0 | BD70: 0 | BE70: 0 | BF70: 0 | BG70: 0 | BH70: 0 | BI70: 0 | BJ70: 0 | BK70: 0 | BL70: 0 | BM70: 0 | BN70: 0 | BO70: 0 | BP70: 0 | BQ70: 0 | BR70: 0 | BS70: 0 | BT70: 0 | BU70: 0 | BV70: 0 | BW70: 0 | BX70: 0 | BY70: 0 | BZ70: 0 | CA70: 0 | CB70: 0 | CC70: 0 | CD70: 0
A71: 69 | B71: 2026-07-04 | C71: 71306764 | D71: SMTR-03 | E71: (1881581721)TOKO MAMA ELIS | F71: WARUNG NOO | G71: WARUNG NOO | H71: Consignment | J71: 10 | K71: =(P2*P71)+(Q2*Q71)+(R2*R71)+(S2*S71)+(T2*T71)+(U2*U71)+(V2*V71)+(W2*W71)+(X2*X71)+(Y2*Y71)+(Z2*Z71)+(AA2*AA71)+(AB2*AB71)+(AC2*AC71)+(AD2*AD71)+(AE2*AE71)+(AF2*AF71)+(AG2*AG71)+(AH2*AH71)+(AI2*AI71)+(AJ2*AJ71)+(AK2*AK71)+(AL2*AL71)+(AM2*AM71)+(AN2*AN71)+(AO2*AO71)+(AP2*AP71)+(AQ2*AQ71)+(AR2*AR71)+(AS2*AS71)+(AT2*AT71)+(AU2*AU71)+(AV2*AV71)+(AW2*AW71)+(AX2*AX71)+(AY2*AY71)+(AZ2*AZ71)+(BA2*BA71)+(BB2*BB71)+(BC2*BC71)+(BD2*BD71)+(BE2*BE71)+(BF2*BF71)+(BG2*BG71)+(BH2*BH71)+(BI2*BI71)+(BJ2*BJ71)+(BK2*BK71)+(BL2*BL71)+(BM2*BM71)+(BN2*BN71)+(BO2*BO71)+(BP2*BP71)+(BQ2*BQ71)+(BR2*BR71)+(BS2*BS71)+(BT2*BT71)+(BU2*BU71)+(BV2*BV71)+(BW2*BW71)+(BX2*BX71)+(BY2*BY71)+(BZ2*BZ71)+(CA2*CA71)+(CB2*CB71)+(CC2*CC71)+(CD2*CD71) | L71: =K71-(K71*J71/100) | M71: =ROUND(L71/1.11, 2) | N71: =SUM(P71:CD71) | O71: =COUNTIF(P71:CD71,">0") | P71: 0 | Q71: 0 | R71: 0 | S71: 0 | T71: 0 | U71: 0 | V71: 0 | W71: 0 | X71: 0 | Y71: 0 | Z71: 0 | AA71: 0 | AB71: 0 | AC71: 0 | AD71: 0 | AE71: 0 | AF71: 0 | AG71: 0 | AH71: 0 | AI71: 0 | AJ71: 0 | AK71: 0 | AL71: 0 | AM71: 0 | AN71: 0 | AO71: 0 | AP71: 0 | AQ71: 0 | AR71: 0 | AS71: 0 | AT71: 0 | AU71: 0 | AV71: 0 | AW71: 0 | AX71: 0 | AY71: 0 | AZ71: 0 | BA71: 0 | BB71: 0 | BC71: 0 | BD71: 0 | BE71: 0 | BF71: 0 | BG71: 0 | BH71: 0 | BI71: 0 | BJ71: 0 | BK71: 0 | BL71: 0 | BM71: 0 | BN71: 0 | BO71: 0 | BP71: 0 | BQ71: 0 | BR71: 0 | BS71: 0 | BT71: 0 | BU71: 0 | BV71: 0 | BW71: 0 | BX71: 0 | BY71: 0 | BZ71: 0 | CA71: 0 | CB71: 0 | CC71: 0 | CD71: 0
A72: 70 | B72: 2026-07-04 | C72: 71306764 | D72: SMTR-03 | E72: (1881582968)TOKO SUBUR LUBIS | F72: WARUNG NOO | G72: WARUNG NOO | H72: Consignment | J72: 10 | K72: =(P2*P72)+(Q2*Q72)+(R2*R72)+(S2*S72)+(T2*T72)+(U2*U72)+(V2*V72)+(W2*W72)+(X2*X72)+(Y2*Y72)+(Z2*Z72)+(AA2*AA72)+(AB2*AB72)+(AC2*AC72)+(AD2*AD72)+(AE2*AE72)+(AF2*AF72)+(AG2*AG72)+(AH2*AH72)+(AI2*AI72)+(AJ2*AJ72)+(AK2*AK72)+(AL2*AL72)+(AM2*AM72)+(AN2*AN72)+(AO2*AO72)+(AP2*AP72)+(AQ2*AQ72)+(AR2*AR72)+(AS2*AS72)+(AT2*AT72)+(AU2*AU72)+(AV2*AV72)+(AW2*AW72)+(AX2*AX72)+(AY2*AY72)+(AZ2*AZ72)+(BA2*BA72)+(BB2*BB72)+(BC2*BC72)+(BD2*BD72)+(BE2*BE72)+(BF2*BF72)+(BG2*BG72)+(BH2*BH72)+(BI2*BI72)+(BJ2*BJ72)+(BK2*BK72)+(BL2*BL72)+(BM2*BM72)+(BN2*BN72)+(BO2*BO72)+(BP2*BP72)+(BQ2*BQ72)+(BR2*BR72)+(BS2*BS72)+(BT2*BT72)+(BU2*BU72)+(BV2*BV72)+(BW2*BW72)+(BX2*BX72)+(BY2*BY72)+(BZ2*BZ72)+(CA2*CA72)+(CB2*CB72)+(CC2*CC72)+(CD2*CD72) | L72: =K72-(K72*J72/100) | M72: =ROUND(L72/1.11, 2) | N72: =SUM(P72:CD72) | O72: =COUNTIF(P72:CD72,">0") | P72: 0 | Q72: 0 | R72: 0 | S72: 0 | T72: 0 | U72: 0 | V72: 0 | W72: 0 | X72: 0 | Y72: 0 | Z72: 0 | AA72: 0 | AB72: 0 | AC72: 0 | AD72: 0 | AE72: 0 | AF72: 0 | AG72: 0 | AH72: 0 | AI72: 0 | AJ72: 0 | AK72: 0 | AL72: 0 | AM72: 0 | AN72: 0 | AO72: 0 | AP72: 0 | AQ72: 0 | AR72: 0 | AS72: 0 | AT72: 0 | AU72: 0 | AV72: 0 | AW72: 0 | AX72: 0 | AY72: 0 | AZ72: 0 | BA72: 0 | BB72: 0 | BC72: 0 | BD72: 0 | BE72: 0 | BF72: 0 | BG72: 0 | BH72: 0 | BI72: 0 | BJ72: 0 | BK72: 0 | BL72: 0 | BM72: 0 | BN72: 0 | BO72: 0 | BP72: 0 | BQ72: 0 | BR72: 0 | BS72: 0 | BT72: 0 | BU72: 0 | BV72: 0 | BW72: 0 | BX72: 0 | BY72: 0 | BZ72: 0 | CA72: 0 | CB72: 0 | CC72: 0 | CD72: 0
A73: 71 | B73: 2026-07-04 | C73: 71306764 | D73: SMTR-03 | E73: (1881583124)TOKO AZIZAH | F73: WARUNG NOO | G73: WARUNG NOO | H73: Consignment | J73: 10 | K73: =(P2*P73)+(Q2*Q73)+(R2*R73)+(S2*S73)+(T2*T73)+(U2*U73)+(V2*V73)+(W2*W73)+(X2*X73)+(Y2*Y73)+(Z2*Z73)+(AA2*AA73)+(AB2*AB73)+(AC2*AC73)+(AD2*AD73)+(AE2*AE73)+(AF2*AF73)+(AG2*AG73)+(AH2*AH73)+(AI2*AI73)+(AJ2*AJ73)+(AK2*AK73)+(AL2*AL73)+(AM2*AM73)+(AN2*AN73)+(AO2*AO73)+(AP2*AP73)+(AQ2*AQ73)+(AR2*AR73)+(AS2*AS73)+(AT2*AT73)+(AU2*AU73)+(AV2*AV73)+(AW2*AW73)+(AX2*AX73)+(AY2*AY73)+(AZ2*AZ73)+(BA2*BA73)+(BB2*BB73)+(BC2*BC73)+(BD2*BD73)+(BE2*BE73)+(BF2*BF73)+(BG2*BG73)+(BH2*BH73)+(BI2*BI73)+(BJ2*BJ73)+(BK2*BK73)+(BL2*BL73)+(BM2*BM73)+(BN2*BN73)+(BO2*BO73)+(BP2*BP73)+(BQ2*BQ73)+(BR2*BR73)+(BS2*BS73)+(BT2*BT73)+(BU2*BU73)+(BV2*BV73)+(BW2*BW73)+(BX2*BX73)+(BY2*BY73)+(BZ2*BZ73)+(CA2*CA73)+(CB2*CB73)+(CC2*CC73)+(CD2*CD73) | L73: =K73-(K73*J73/100) | M73: =ROUND(L73/1.11, 2) | N73: =SUM(P73:CD73) | O73: =COUNTIF(P73:CD73,">0") | P73: 0 | Q73: 0 | R73: 0 | S73: 0 | T73: 0 | U73: 0 | V73: 0 | W73: 0 | X73: 0 | Y73: 0 | Z73: 0 | AA73: 0 | AB73: 0 | AC73: 0 | AD73: 0 | AE73: 0 | AF73: 0 | AG73: 0 | AH73: 0 | AI73: 0 | AJ73: 0 | AK73: 0 | AL73: 0 | AM73: 0 | AN73: 0 | AO73: 0 | AP73: 0 | AQ73: 0 | AR73: 0 | AS73: 0 | AT73: 0 | AU73: 0 | AV73: 0 | AW73: 0 | AX73: 0 | AY73: 0 | AZ73: 0 | BA73: 0 | BB73: 0 | BC73: 0 | BD73: 0 | BE73: 0 | BF73: 0 | BG73: 0 | BH73: 0 | BI73: 0 | BJ73: 0 | BK73: 0 | BL73: 0 | BM73: 0 | BN73: 0 | BO73: 0 | BP73: 0 | BQ73: 0 | BR73: 0 | BS73: 0 | BT73: 0 | BU73: 0 | BV73: 0 | BW73: 0 | BX73: 0 | BY73: 0 | BZ73: 0 | CA73: 0 | CB73: 0 | CC73: 0 | CD73: 0
A74: 72 | B74: 2026-07-04 | C74: 71306764 | D74: SMTR-03 | E74: (1881584136)TOKO AZLAND BAROKAH | F74: WARUNG NOO | G74: WARUNG NOO | H74: Consignment | J74: 10 | K74: =(P2*P74)+(Q2*Q74)+(R2*R74)+(S2*S74)+(T2*T74)+(U2*U74)+(V2*V74)+(W2*W74)+(X2*X74)+(Y2*Y74)+(Z2*Z74)+(AA2*AA74)+(AB2*AB74)+(AC2*AC74)+(AD2*AD74)+(AE2*AE74)+(AF2*AF74)+(AG2*AG74)+(AH2*AH74)+(AI2*AI74)+(AJ2*AJ74)+(AK2*AK74)+(AL2*AL74)+(AM2*AM74)+(AN2*AN74)+(AO2*AO74)+(AP2*AP74)+(AQ2*AQ74)+(AR2*AR74)+(AS2*AS74)+(AT2*AT74)+(AU2*AU74)+(AV2*AV74)+(AW2*AW74)+(AX2*AX74)+(AY2*AY74)+(AZ2*AZ74)+(BA2*BA74)+(BB2*BB74)+(BC2*BC74)+(BD2*BD74)+(BE2*BE74)+(BF2*BF74)+(BG2*BG74)+(BH2*BH74)+(BI2*BI74)+(BJ2*BJ74)+(BK2*BK74)+(BL2*BL74)+(BM2*BM74)+(BN2*BN74)+(BO2*BO74)+(BP2*BP74)+(BQ2*BQ74)+(BR2*BR74)+(BS2*BS74)+(BT2*BT74)+(BU2*BU74)+(BV2*BV74)+(BW2*BW74)+(BX2*BX74)+(BY2*BY74)+(BZ2*BZ74)+(CA2*CA74)+(CB2*CB74)+(CC2*CC74)+(CD2*CD74) | L74: =K74-(K74*J74/100) | M74: =ROUND(L74/1.11, 2) | N74: =SUM(P74:CD74) | O74: =COUNTIF(P74:CD74,">0") | P74: 0 | Q74: 0 | R74: 0 | S74: 0 | T74: 0 | U74: 0 | V74: 0 | W74: 0 | X74: 0 | Y74: 0 | Z74: 0 | AA74: 0 | AB74: 0 | AC74: 0 | AD74: 0 | AE74: 0 | AF74: 0 | AG74: 0 | AH74: 0 | AI74: 0 | AJ74: 0 | AK74: 0 | AL74: 0 | AM74: 0 | AN74: 0 | AO74: 0 | AP74: 0 | AQ74: 0 | AR74: 0 | AS74: 0 | AT74: 0 | AU74: 0 | AV74: 0 | AW74: 0 | AX74: 0 | AY74: 0 | AZ74: 0 | BA74: 0 | BB74: 0 | BC74: 0 | BD74: 0 | BE74: 0 | BF74: 0 | BG74: 0 | BH74: 0 | BI74: 0 | BJ74: 0 | BK74: 0 | BL74: 0 | BM74: 0 | BN74: 0 | BO74: 0 | BP74: 0 | BQ74: 0 | BR74: 0 | BS74: 0 | BT74: 0 | BU74: 0 | BV74: 0 | BW74: 0 | BX74: 0 | BY74: 0 | BZ74: 0 | CA74: 0 | CB74: 0 | CC74: 0 | CD74: 0
A75: 73 | B75: 2026-07-04 | C75: 71306764 | D75: SMTR-03 | E75: (1881584599)TOKO ALYA | F75: WARUNG NOO | G75: WARUNG NOO | H75: Consignment | J75: 10 | K75: =(P2*P75)+(Q2*Q75)+(R2*R75)+(S2*S75)+(T2*T75)+(U2*U75)+(V2*V75)+(W2*W75)+(X2*X75)+(Y2*Y75)+(Z2*Z75)+(AA2*AA75)+(AB2*AB75)+(AC2*AC75)+(AD2*AD75)+(AE2*AE75)+(AF2*AF75)+(AG2*AG75)+(AH2*AH75)+(AI2*AI75)+(AJ2*AJ75)+(AK2*AK75)+(AL2*AL75)+(AM2*AM75)+(AN2*AN75)+(AO2*AO75)+(AP2*AP75)+(AQ2*AQ75)+(AR2*AR75)+(AS2*AS75)+(AT2*AT75)+(AU2*AU75)+(AV2*AV75)+(AW2*AW75)+(AX2*AX75)+(AY2*AY75)+(AZ2*AZ75)+(BA2*BA75)+(BB2*BB75)+(BC2*BC75)+(BD2*BD75)+(BE2*BE75)+(BF2*BF75)+(BG2*BG75)+(BH2*BH75)+(BI2*BI75)+(BJ2*BJ75)+(BK2*BK75)+(BL2*BL75)+(BM2*BM75)+(BN2*BN75)+(BO2*BO75)+(BP2*BP75)+(BQ2*BQ75)+(BR2*BR75)+(BS2*BS75)+(BT2*BT75)+(BU2*BU75)+(BV2*BV75)+(BW2*BW75)+(BX2*BX75)+(BY2*BY75)+(BZ2*BZ75)+(CA2*CA75)+(CB2*CB75)+(CC2*CC75)+(CD2*CD75) | L75: =K75-(K75*J75/100) | M75: =ROUND(L75/1.11, 2) | N75: =SUM(P75:CD75) | O75: =COUNTIF(P75:CD75,">0") | P75: 0 | Q75: 0 | R75: 0 | S75: 0 | T75: 0 | U75: 0 | V75: 0 | W75: 0 | X75: 0 | Y75: 0 | Z75: 0 | AA75: 0 | AB75: 0 | AC75: 0 | AD75: 0 | AE75: 0 | AF75: 0 | AG75: 0 | AH75: 0 | AI75: 0 | AJ75: 0 | AK75: 0 | AL75: 0 | AM75: 0 | AN75: 0 | AO75: 0 | AP75: 0 | AQ75: 0 | AR75: 0 | AS75: 0 | AT75: 0 | AU75: 0 | AV75: 0 | AW75: 0 | AX75: 0 | AY75: 0 | AZ75: 0 | BA75: 0 | BB75: 0 | BC75: 0 | BD75: 0 | BE75: 0 | BF75: 0 | BG75: 0 | BH75: 0 | BI75: 0 | BJ75: 0 | BK75: 0 | BL75: 0 | BM75: 0 | BN75: 0 | BO75: 0 | BP75: 0 | BQ75: 0 | BR75: 0 | BS75: 0 | BT75: 0 | BU75: 0 | BV75: 0 | BW75: 0 | BX75: 0 | BY75: 0 | BZ75: 0 | CA75: 0 | CB75: 0 | CC75: 0 | CD75: 0
A76: 74 | B76: 2026-07-04 | C76: 71306764 | D76: SMTR-03 | E76: (1881585299)TOKO ZIDAN 54 | F76: WARUNG NOO | G76: WARUNG NOO | H76: Consignment | J76: 10 | K76: =(P2*P76)+(Q2*Q76)+(R2*R76)+(S2*S76)+(T2*T76)+(U2*U76)+(V2*V76)+(W2*W76)+(X2*X76)+(Y2*Y76)+(Z2*Z76)+(AA2*AA76)+(AB2*AB76)+(AC2*AC76)+(AD2*AD76)+(AE2*AE76)+(AF2*AF76)+(AG2*AG76)+(AH2*AH76)+(AI2*AI76)+(AJ2*AJ76)+(AK2*AK76)+(AL2*AL76)+(AM2*AM76)+(AN2*AN76)+(AO2*AO76)+(AP2*AP76)+(AQ2*AQ76)+(AR2*AR76)+(AS2*AS76)+(AT2*AT76)+(AU2*AU76)+(AV2*AV76)+(AW2*AW76)+(AX2*AX76)+(AY2*AY76)+(AZ2*AZ76)+(BA2*BA76)+(BB2*BB76)+(BC2*BC76)+(BD2*BD76)+(BE2*BE76)+(BF2*BF76)+(BG2*BG76)+(BH2*BH76)+(BI2*BI76)+(BJ2*BJ76)+(BK2*BK76)+(BL2*BL76)+(BM2*BM76)+(BN2*BN76)+(BO2*BO76)+(BP2*BP76)+(BQ2*BQ76)+(BR2*BR76)+(BS2*BS76)+(BT2*BT76)+(BU2*BU76)+(BV2*BV76)+(BW2*BW76)+(BX2*BX76)+(BY2*BY76)+(BZ2*BZ76)+(CA2*CA76)+(CB2*CB76)+(CC2*CC76)+(CD2*CD76) | L76: =K76-(K76*J76/100) | M76: =ROUND(L76/1.11, 2) | N76: =SUM(P76:CD76) | O76: =COUNTIF(P76:CD76,">0") | P76: 0 | Q76: 0 | R76: 0 | S76: 0 | T76: 0 | U76: 0 | V76: 0 | W76: 0 | X76: 0 | Y76: 0 | Z76: 0 | AA76: 0 | AB76: 0 | AC76: 0 | AD76: 0 | AE76: 0 | AF76: 0 | AG76: 0 | AH76: 0 | AI76: 0 | AJ76: 0 | AK76: 0 | AL76: 0 | AM76: 0 | AN76: 0 | AO76: 0 | AP76: 0 | AQ76: 0 | AR76: 0 | AS76: 0 | AT76: 0 | AU76: 0 | AV76: 0 | AW76: 0 | AX76: 0 | AY76: 0 | AZ76: 0 | BA76: 0 | BB76: 0 | BC76: 0 | BD76: 0 | BE76: 0 | BF76: 0 | BG76: 0 | BH76: 0 | BI76: 0 | BJ76: 0 | BK76: 0 | BL76: 0 | BM76: 0 | BN76: 0 | BO76: 0 | BP76: 0 | BQ76: 0 | BR76: 0 | BS76: 0 | BT76: 0 | BU76: 0 | BV76: 0 | BW76: 0 | BX76: 0 | BY76: 0 | BZ76: 0 | CA76: 0 | CB76: 0 | CC76: 0 | CD76: 0
A77: 75 | B77: 2026-07-04 | C77: 71306764 | D77: SMTR-03 | E77: (1881585916)TOKO WIWI BAROKAH | F77: WARUNG NOO | G77: WARUNG NOO | H77: Consignment | J77: 10 | K77: =(P2*P77)+(Q2*Q77)+(R2*R77)+(S2*S77)+(T2*T77)+(U2*U77)+(V2*V77)+(W2*W77)+(X2*X77)+(Y2*Y77)+(Z2*Z77)+(AA2*AA77)+(AB2*AB77)+(AC2*AC77)+(AD2*AD77)+(AE2*AE77)+(AF2*AF77)+(AG2*AG77)+(AH2*AH77)+(AI2*AI77)+(AJ2*AJ77)+(AK2*AK77)+(AL2*AL77)+(AM2*AM77)+(AN2*AN77)+(AO2*AO77)+(AP2*AP77)+(AQ2*AQ77)+(AR2*AR77)+(AS2*AS77)+(AT2*AT77)+(AU2*AU77)+(AV2*AV77)+(AW2*AW77)+(AX2*AX77)+(AY2*AY77)+(AZ2*AZ77)+(BA2*BA77)+(BB2*BB77)+(BC2*BC77)+(BD2*BD77)+(BE2*BE77)+(BF2*BF77)+(BG2*BG77)+(BH2*BH77)+(BI2*BI77)+(BJ2*BJ77)+(BK2*BK77)+(BL2*BL77)+(BM2*BM77)+(BN2*BN77)+(BO2*BO77)+(BP2*BP77)+(BQ2*BQ77)+(BR2*BR77)+(BS2*BS77)+(BT2*BT77)+(BU2*BU77)+(BV2*BV77)+(BW2*BW77)+(BX2*BX77)+(BY2*BY77)+(BZ2*BZ77)+(CA2*CA77)+(CB2*CB77)+(CC2*CC77)+(CD2*CD77) | L77: =K77-(K77*J77/100) | M77: =ROUND(L77/1.11, 2) | N77: =SUM(P77:CD77) | O77: =COUNTIF(P77:CD77,">0") | P77: 0 | Q77: 0 | R77: 0 | S77: 0 | T77: 0 | U77: 0 | V77: 0 | W77: 0 | X77: 0 | Y77: 0 | Z77: 0 | AA77: 0 | AB77: 0 | AC77: 0 | AD77: 0 | AE77: 0 | AF77: 0 | AG77: 0 | AH77: 0 | AI77: 0 | AJ77: 0 | AK77: 0 | AL77: 0 | AM77: 0 | AN77: 0 | AO77: 0 | AP77: 0 | AQ77: 0 | AR77: 0 | AS77: 0 | AT77: 0 | AU77: 0 | AV77: 0 | AW77: 0 | AX77: 0 | AY77: 0 | AZ77: 0 | BA77: 0 | BB77: 0 | BC77: 0 | BD77: 0 | BE77: 0 | BF77: 0 | BG77: 0 | BH77: 0 | BI77: 0 | BJ77: 0 | BK77: 0 | BL77: 0 | BM77: 0 | BN77: 0 | BO77: 0 | BP77: 0 | BQ77: 0 | BR77: 0 | BS77: 0 | BT77: 0 | BU77: 0 | BV77: 0 | BW77: 0 | BX77: 0 | BY77: 0 | BZ77: 0 | CA77: 0 | CB77: 0 | CC77: 0 | CD77: 0
A78: 76 | B78: 2026-07-04 | C78: 71306764 | D78: SMTR-03 | E78: (1881586709)Toko Khairina | F78: WARUNG NOO | G78: WARUNG NOO | H78: Consignment | J78: 10 | K78: =(P2*P78)+(Q2*Q78)+(R2*R78)+(S2*S78)+(T2*T78)+(U2*U78)+(V2*V78)+(W2*W78)+(X2*X78)+(Y2*Y78)+(Z2*Z78)+(AA2*AA78)+(AB2*AB78)+(AC2*AC78)+(AD2*AD78)+(AE2*AE78)+(AF2*AF78)+(AG2*AG78)+(AH2*AH78)+(AI2*AI78)+(AJ2*AJ78)+(AK2*AK78)+(AL2*AL78)+(AM2*AM78)+(AN2*AN78)+(AO2*AO78)+(AP2*AP78)+(AQ2*AQ78)+(AR2*AR78)+(AS2*AS78)+(AT2*AT78)+(AU2*AU78)+(AV2*AV78)+(AW2*AW78)+(AX2*AX78)+(AY2*AY78)+(AZ2*AZ78)+(BA2*BA78)+(BB2*BB78)+(BC2*BC78)+(BD2*BD78)+(BE2*BE78)+(BF2*BF78)+(BG2*BG78)+(BH2*BH78)+(BI2*BI78)+(BJ2*BJ78)+(BK2*BK78)+(BL2*BL78)+(BM2*BM78)+(BN2*BN78)+(BO2*BO78)+(BP2*BP78)+(BQ2*BQ78)+(BR2*BR78)+(BS2*BS78)+(BT2*BT78)+(BU2*BU78)+(BV2*BV78)+(BW2*BW78)+(BX2*BX78)+(BY2*BY78)+(BZ2*BZ78)+(CA2*CA78)+(CB2*CB78)+(CC2*CC78)+(CD2*CD78) | L78: =K78-(K78*J78/100) | M78: =ROUND(L78/1.11, 2) | N78: =SUM(P78:CD78) | O78: =COUNTIF(P78:CD78,">0") | P78: 0 | Q78: 0 | R78: 0 | S78: 0 | T78: 0 | U78: 0 | V78: 0 | W78: 0 | X78: 0 | Y78: 0 | Z78: 0 | AA78: 0 | AB78: 0 | AC78: 0 | AD78: 0 | AE78: 0 | AF78: 0 | AG78: 0 | AH78: 0 | AI78: 0 | AJ78: 0 | AK78: 0 | AL78: 0 | AM78: 0 | AN78: 0 | AO78: 0 | AP78: 0 | AQ78: 0 | AR78: 0 | AS78: 0 | AT78: 0 | AU78: 0 | AV78: 0 | AW78: 0 | AX78: 0 | AY78: 0 | AZ78: 0 | BA78: 0 | BB78: 0 | BC78: 0 | BD78: 0 | BE78: 0 | BF78: 0 | BG78: 0 | BH78: 0 | BI78: 0 | BJ78: 0 | BK78: 0 | BL78: 0 | BM78: 0 | BN78: 0 | BO78: 0 | BP78: 0 | BQ78: 0 | BR78: 0 | BS78: 0 | BT78: 0 | BU78: 0 | BV78: 0 | BW78: 0 | BX78: 0 | BY78: 0 | BZ78: 0 | CA78: 0 | CB78: 0 | CC78: 0 | CD78: 0
A79: 77 | B79: 2026-07-04 | C79: 71306764 | D79: SMTR-03 | E79: (1881589735)RANGKUTI TOKO | F79: WARUNG NOO | G79: WARUNG NOO | H79: Consignment | J79: 10 | K79: =(P2*P79)+(Q2*Q79)+(R2*R79)+(S2*S79)+(T2*T79)+(U2*U79)+(V2*V79)+(W2*W79)+(X2*X79)+(Y2*Y79)+(Z2*Z79)+(AA2*AA79)+(AB2*AB79)+(AC2*AC79)+(AD2*AD79)+(AE2*AE79)+(AF2*AF79)+(AG2*AG79)+(AH2*AH79)+(AI2*AI79)+(AJ2*AJ79)+(AK2*AK79)+(AL2*AL79)+(AM2*AM79)+(AN2*AN79)+(AO2*AO79)+(AP2*AP79)+(AQ2*AQ79)+(AR2*AR79)+(AS2*AS79)+(AT2*AT79)+(AU2*AU79)+(AV2*AV79)+(AW2*AW79)+(AX2*AX79)+(AY2*AY79)+(AZ2*AZ79)+(BA2*BA79)+(BB2*BB79)+(BC2*BC79)+(BD2*BD79)+(BE2*BE79)+(BF2*BF79)+(BG2*BG79)+(BH2*BH79)+(BI2*BI79)+(BJ2*BJ79)+(BK2*BK79)+(BL2*BL79)+(BM2*BM79)+(BN2*BN79)+(BO2*BO79)+(BP2*BP79)+(BQ2*BQ79)+(BR2*BR79)+(BS2*BS79)+(BT2*BT79)+(BU2*BU79)+(BV2*BV79)+(BW2*BW79)+(BX2*BX79)+(BY2*BY79)+(BZ2*BZ79)+(CA2*CA79)+(CB2*CB79)+(CC2*CC79)+(CD2*CD79) | L79: =K79-(K79*J79/100) | M79: =ROUND(L79/1.11, 2) | N79: =SUM(P79:CD79) | O79: =COUNTIF(P79:CD79,">0") | P79: 0 | Q79: 0 | R79: 0 | S79: 0 | T79: 0 | U79: 0 | V79: 0 | W79: 0 | X79: 0 | Y79: 0 | Z79: 0 | AA79: 0 | AB79: 0 | AC79: 0 | AD79: 0 | AE79: 0 | AF79: 0 | AG79: 0 | AH79: 0 | AI79: 0 | AJ79: 0 | AK79: 0 | AL79: 0 | AM79: 0 | AN79: 0 | AO79: 0 | AP79: 0 | AQ79: 0 | AR79: 0 | AS79: 0 | AT79: 0 | AU79: 0 | AV79: 0 | AW79: 0 | AX79: 0 | AY79: 0 | AZ79: 0 | BA79: 0 | BB79: 0 | BC79: 0 | BD79: 0 | BE79: 0 | BF79: 0 | BG79: 0 | BH79: 0 | BI79: 0 | BJ79: 0 | BK79: 0 | BL79: 0 | BM79: 0 | BN79: 0 | BO79: 0 | BP79: 0 | BQ79: 0 | BR79: 0 | BS79: 0 | BT79: 0 | BU79: 0 | BV79: 0 | BW79: 0 | BX79: 0 | BY79: 0 | BZ79: 0 | CA79: 0 | CB79: 0 | CC79: 0 | CD79: 0
A80: 78 | B80: 2026-07-04 | C80: 71306764 | D80: SMTR-03 | E80: (1881590535)UCOK TOKO | F80: WARUNG NOO | G80: WARUNG NOO | H80: Consignment | J80: 10 | K80: =(P2*P80)+(Q2*Q80)+(R2*R80)+(S2*S80)+(T2*T80)+(U2*U80)+(V2*V80)+(W2*W80)+(X2*X80)+(Y2*Y80)+(Z2*Z80)+(AA2*AA80)+(AB2*AB80)+(AC2*AC80)+(AD2*AD80)+(AE2*AE80)+(AF2*AF80)+(AG2*AG80)+(AH2*AH80)+(AI2*AI80)+(AJ2*AJ80)+(AK2*AK80)+(AL2*AL80)+(AM2*AM80)+(AN2*AN80)+(AO2*AO80)+(AP2*AP80)+(AQ2*AQ80)+(AR2*AR80)+(AS2*AS80)+(AT2*AT80)+(AU2*AU80)+(AV2*AV80)+(AW2*AW80)+(AX2*AX80)+(AY2*AY80)+(AZ2*AZ80)+(BA2*BA80)+(BB2*BB80)+(BC2*BC80)+(BD2*BD80)+(BE2*BE80)+(BF2*BF80)+(BG2*BG80)+(BH2*BH80)+(BI2*BI80)+(BJ2*BJ80)+(BK2*BK80)+(BL2*BL80)+(BM2*BM80)+(BN2*BN80)+(BO2*BO80)+(BP2*BP80)+(BQ2*BQ80)+(BR2*BR80)+(BS2*BS80)+(BT2*BT80)+(BU2*BU80)+(BV2*BV80)+(BW2*BW80)+(BX2*BX80)+(BY2*BY80)+(BZ2*BZ80)+(CA2*CA80)+(CB2*CB80)+(CC2*CC80)+(CD2*CD80) | L80: =K80-(K80*J80/100) | M80: =ROUND(L80/1.11, 2) | N80: =SUM(P80:CD80) | O80: =COUNTIF(P80:CD80,">0") | P80: 0 | Q80: 0 | R80: 0 | S80: 0 | T80: 0 | U80: 0 | V80: 0 | W80: 0 | X80: 0 | Y80: 0 | Z80: 0 | AA80: 0 | AB80: 0 | AC80: 0 | AD80: 0 | AE80: 0 | AF80: 0 | AG80: 0 | AH80: 0 | AI80: 0 | AJ80: 0 | AK80: 0 | AL80: 0 | AM80: 0 | AN80: 0 | AO80: 0 | AP80: 0 | AQ80: 0 | AR80: 0 | AS80: 0 | AT80: 0 | AU80: 0 | AV80: 0 | AW80: 0 | AX80: 0 | AY80: 0 | AZ80: 0 | BA80: 0 | BB80: 0 | BC80: 0 | BD80: 0 | BE80: 0 | BF80: 0 | BG80: 0 | BH80: 0 | BI80: 0 | BJ80: 0 | BK80: 0 | BL80: 0 | BM80: 0 | BN80: 0 | BO80: 0 | BP80: 0 | BQ80: 0 | BR80: 0 | BS80: 0 | BT80: 0 | BU80: 0 | BV80: 0 | BW80: 0 | BX80: 0 | BY80: 0 | BZ80: 0 | CA80: 0 | CB80: 0 | CC80: 0 | CD80: 0
A81: 79 | B81: 2026-07-04 | C81: 71306765 | D81: SMTR-04 | E81: (1881578518)TUTY WARUNG | F81: WARUNG NOO | G81: WARUNG NOO | H81: Consignment | J81: 10 | K81: =(P2*P81)+(Q2*Q81)+(R2*R81)+(S2*S81)+(T2*T81)+(U2*U81)+(V2*V81)+(W2*W81)+(X2*X81)+(Y2*Y81)+(Z2*Z81)+(AA2*AA81)+(AB2*AB81)+(AC2*AC81)+(AD2*AD81)+(AE2*AE81)+(AF2*AF81)+(AG2*AG81)+(AH2*AH81)+(AI2*AI81)+(AJ2*AJ81)+(AK2*AK81)+(AL2*AL81)+(AM2*AM81)+(AN2*AN81)+(AO2*AO81)+(AP2*AP81)+(AQ2*AQ81)+(AR2*AR81)+(AS2*AS81)+(AT2*AT81)+(AU2*AU81)+(AV2*AV81)+(AW2*AW81)+(AX2*AX81)+(AY2*AY81)+(AZ2*AZ81)+(BA2*BA81)+(BB2*BB81)+(BC2*BC81)+(BD2*BD81)+(BE2*BE81)+(BF2*BF81)+(BG2*BG81)+(BH2*BH81)+(BI2*BI81)+(BJ2*BJ81)+(BK2*BK81)+(BL2*BL81)+(BM2*BM81)+(BN2*BN81)+(BO2*BO81)+(BP2*BP81)+(BQ2*BQ81)+(BR2*BR81)+(BS2*BS81)+(BT2*BT81)+(BU2*BU81)+(BV2*BV81)+(BW2*BW81)+(BX2*BX81)+(BY2*BY81)+(BZ2*BZ81)+(CA2*CA81)+(CB2*CB81)+(CC2*CC81)+(CD2*CD81) | L81: =K81-(K81*J81/100) | M81: =ROUND(L81/1.11, 2) | N81: =SUM(P81:CD81) | O81: =COUNTIF(P81:CD81,">0") | P81: 0 | Q81: 0 | R81: 0 | S81: 0 | T81: 0 | U81: 0 | V81: 0 | W81: 0 | X81: 0 | Y81: 0 | Z81: 0 | AA81: 0 | AB81: 0 | AC81: 0 | AD81: 0 | AE81: 0 | AF81: 0 | AG81: 0 | AH81: 0 | AI81: 0 | AJ81: 0 | AK81: 0 | AL81: 0 | AM81: 0 | AN81: 0 | AO81: 0 | AP81: 0 | AQ81: 0 | AR81: 0 | AS81: 0 | AT81: 0 | AU81: 0 | AV81: 0 | AW81: 0 | AX81: 0 | AY81: 0 | AZ81: 0 | BA81: 0 | BB81: 0 | BC81: 0 | BD81: 0 | BE81: 0 | BF81: 0 | BG81: 0 | BH81: 0 | BI81: 0 | BJ81: 0 | BK81: 0 | BL81: 0 | BM81: 0 | BN81: 0 | BO81: 0 | BP81: 0 | BQ81: 0 | BR81: 0 | BS81: 0 | BT81: 0 | BU81: 0 | BV81: 0 | BW81: 0 | BX81: 0 | BY81: 0 | BZ81: 0 | CA81: 0 | CB81: 0 | CC81: 0 | CD81: 0
A82: 80 | B82: 2026-07-04 | C82: 71306765 | D82: SMTR-04 | E82: (1881579172)TOKO SULTAN SAKIR | F82: WARUNG NOO | G82: WARUNG NOO | H82: Consignment | J82: 10 | K82: =(P2*P82)+(Q2*Q82)+(R2*R82)+(S2*S82)+(T2*T82)+(U2*U82)+(V2*V82)+(W2*W82)+(X2*X82)+(Y2*Y82)+(Z2*Z82)+(AA2*AA82)+(AB2*AB82)+(AC2*AC82)+(AD2*AD82)+(AE2*AE82)+(AF2*AF82)+(AG2*AG82)+(AH2*AH82)+(AI2*AI82)+(AJ2*AJ82)+(AK2*AK82)+(AL2*AL82)+(AM2*AM82)+(AN2*AN82)+(AO2*AO82)+(AP2*AP82)+(AQ2*AQ82)+(AR2*AR82)+(AS2*AS82)+(AT2*AT82)+(AU2*AU82)+(AV2*AV82)+(AW2*AW82)+(AX2*AX82)+(AY2*AY82)+(AZ2*AZ82)+(BA2*BA82)+(BB2*BB82)+(BC2*BC82)+(BD2*BD82)+(BE2*BE82)+(BF2*BF82)+(BG2*BG82)+(BH2*BH82)+(BI2*BI82)+(BJ2*BJ82)+(BK2*BK82)+(BL2*BL82)+(BM2*BM82)+(BN2*BN82)+(BO2*BO82)+(BP2*BP82)+(BQ2*BQ82)+(BR2*BR82)+(BS2*BS82)+(BT2*BT82)+(BU2*BU82)+(BV2*BV82)+(BW2*BW82)+(BX2*BX82)+(BY2*BY82)+(BZ2*BZ82)+(CA2*CA82)+(CB2*CB82)+(CC2*CC82)+(CD2*CD82) | L82: =K82-(K82*J82/100) | M82: =ROUND(L82/1.11, 2) | N82: =SUM(P82:CD82) | O82: =COUNTIF(P82:CD82,">0") | P82: 0 | Q82: 0 | R82: 0 | S82: 0 | T82: 0 | U82: 0 | V82: 0 | W82: 0 | X82: 0 | Y82: 0 | Z82: 0 | AA82: 0 | AB82: 0 | AC82: 0 | AD82: 0 | AE82: 0 | AF82: 0 | AG82: 0 | AH82: 0 | AI82: 0 | AJ82: 0 | AK82: 0 | AL82: 0 | AM82: 0 | AN82: 0 | AO82: 0 | AP82: 0 | AQ82: 0 | AR82: 0 | AS82: 0 | AT82: 0 | AU82: 0 | AV82: 0 | AW82: 0 | AX82: 0 | AY82: 0 | AZ82: 0 | BA82: 0 | BB82: 0 | BC82: 0 | BD82: 0 | BE82: 0 | BF82: 0 | BG82: 0 | BH82: 0 | BI82: 0 | BJ82: 0 | BK82: 0 | BL82: 0 | BM82: 0 | BN82: 0 | BO82: 0 | BP82: 0 | BQ82: 0 | BR82: 0 | BS82: 0 | BT82: 0 | BU82: 0 | BV82: 0 | BW82: 0 | BX82: 0 | BY82: 0 | BZ82: 0 | CA82: 0 | CB82: 0 | CC82: 0 | CD82: 0
A83: 81 | B83: 2026-07-04 | C83: 71306765 | D83: SMTR-04 | E83: (1881579312)IBU TRI WARUNG | F83: WARUNG NOO | G83: WARUNG NOO | H83: Consignment | J83: 10 | K83: =(P2*P83)+(Q2*Q83)+(R2*R83)+(S2*S83)+(T2*T83)+(U2*U83)+(V2*V83)+(W2*W83)+(X2*X83)+(Y2*Y83)+(Z2*Z83)+(AA2*AA83)+(AB2*AB83)+(AC2*AC83)+(AD2*AD83)+(AE2*AE83)+(AF2*AF83)+(AG2*AG83)+(AH2*AH83)+(AI2*AI83)+(AJ2*AJ83)+(AK2*AK83)+(AL2*AL83)+(AM2*AM83)+(AN2*AN83)+(AO2*AO83)+(AP2*AP83)+(AQ2*AQ83)+(AR2*AR83)+(AS2*AS83)+(AT2*AT83)+(AU2*AU83)+(AV2*AV83)+(AW2*AW83)+(AX2*AX83)+(AY2*AY83)+(AZ2*AZ83)+(BA2*BA83)+(BB2*BB83)+(BC2*BC83)+(BD2*BD83)+(BE2*BE83)+(BF2*BF83)+(BG2*BG83)+(BH2*BH83)+(BI2*BI83)+(BJ2*BJ83)+(BK2*BK83)+(BL2*BL83)+(BM2*BM83)+(BN2*BN83)+(BO2*BO83)+(BP2*BP83)+(BQ2*BQ83)+(BR2*BR83)+(BS2*BS83)+(BT2*BT83)+(BU2*BU83)+(BV2*BV83)+(BW2*BW83)+(BX2*BX83)+(BY2*BY83)+(BZ2*BZ83)+(CA2*CA83)+(CB2*CB83)+(CC2*CC83)+(CD2*CD83) | L83: =K83-(K83*J83/100) | M83: =ROUND(L83/1.11, 2) | N83: =SUM(P83:CD83) | O83: =COUNTIF(P83:CD83,">0") | P83: 0 | Q83: 0 | R83: 0 | S83: 0 | T83: 0 | U83: 0 | V83: 0 | W83: 0 | X83: 0 | Y83: 0 | Z83: 0 | AA83: 0 | AB83: 0 | AC83: 0 | AD83: 0 | AE83: 0 | AF83: 0 | AG83: 0 | AH83: 0 | AI83: 0 | AJ83: 0 | AK83: 0 | AL83: 0 | AM83: 0 | AN83: 0 | AO83: 0 | AP83: 0 | AQ83: 0 | AR83: 0 | AS83: 0 | AT83: 0 | AU83: 0 | AV83: 0 | AW83: 0 | AX83: 0 | AY83: 0 | AZ83: 0 | BA83: 0 | BB83: 0 | BC83: 0 | BD83: 0 | BE83: 0 | BF83: 0 | BG83: 0 | BH83: 0 | BI83: 0 | BJ83: 0 | BK83: 0 | BL83: 0 | BM83: 0 | BN83: 0 | BO83: 0 | BP83: 0 | BQ83: 0 | BR83: 0 | BS83: 0 | BT83: 0 | BU83: 0 | BV83: 0 | BW83: 0 | BX83: 0 | BY83: 0 | BZ83: 0 | CA83: 0 | CB83: 0 | CC83: 0 | CD83: 0
A84: 82 | B84: 2026-07-04 | C84: 71306765 | D84: SMTR-04 | E84: (1881579479)TOKO RIDFQI 2 | F84: WARUNG NOO | G84: WARUNG NOO | H84: Consignment | J84: 10 | K84: =(P2*P84)+(Q2*Q84)+(R2*R84)+(S2*S84)+(T2*T84)+(U2*U84)+(V2*V84)+(W2*W84)+(X2*X84)+(Y2*Y84)+(Z2*Z84)+(AA2*AA84)+(AB2*AB84)+(AC2*AC84)+(AD2*AD84)+(AE2*AE84)+(AF2*AF84)+(AG2*AG84)+(AH2*AH84)+(AI2*AI84)+(AJ2*AJ84)+(AK2*AK84)+(AL2*AL84)+(AM2*AM84)+(AN2*AN84)+(AO2*AO84)+(AP2*AP84)+(AQ2*AQ84)+(AR2*AR84)+(AS2*AS84)+(AT2*AT84)+(AU2*AU84)+(AV2*AV84)+(AW2*AW84)+(AX2*AX84)+(AY2*AY84)+(AZ2*AZ84)+(BA2*BA84)+(BB2*BB84)+(BC2*BC84)+(BD2*BD84)+(BE2*BE84)+(BF2*BF84)+(BG2*BG84)+(BH2*BH84)+(BI2*BI84)+(BJ2*BJ84)+(BK2*BK84)+(BL2*BL84)+(BM2*BM84)+(BN2*BN84)+(BO2*BO84)+(BP2*BP84)+(BQ2*BQ84)+(BR2*BR84)+(BS2*BS84)+(BT2*BT84)+(BU2*BU84)+(BV2*BV84)+(BW2*BW84)+(BX2*BX84)+(BY2*BY84)+(BZ2*BZ84)+(CA2*CA84)+(CB2*CB84)+(CC2*CC84)+(CD2*CD84) | L84: =K84-(K84*J84/100) | M84: =ROUND(L84/1.11, 2) | N84: =SUM(P84:CD84) | O84: =COUNTIF(P84:CD84,">0") | P84: 0 | Q84: 0 | R84: 0 | S84: 0 | T84: 0 | U84: 0 | V84: 0 | W84: 0 | X84: 0 | Y84: 0 | Z84: 0 | AA84: 0 | AB84: 0 | AC84: 0 | AD84: 0 | AE84: 0 | AF84: 0 | AG84: 0 | AH84: 0 | AI84: 0 | AJ84: 0 | AK84: 0 | AL84: 0 | AM84: 0 | AN84: 0 | AO84: 0 | AP84: 0 | AQ84: 0 | AR84: 0 | AS84: 0 | AT84: 0 | AU84: 0 | AV84: 0 | AW84: 0 | AX84: 0 | AY84: 0 | AZ84: 0 | BA84: 0 | BB84: 0 | BC84: 0 | BD84: 0 | BE84: 0 | BF84: 0 | BG84: 0 | BH84: 0 | BI84: 0 | BJ84: 0 | BK84: 0 | BL84: 0 | BM84: 0 | BN84: 0 | BO84: 0 | BP84: 0 | BQ84: 0 | BR84: 0 | BS84: 0 | BT84: 0 | BU84: 0 | BV84: 0 | BW84: 0 | BX84: 0 | BY84: 0 | BZ84: 0 | CA84: 0 | CB84: 0 | CC84: 0 | CD84: 0
A85: 83 | B85: 2026-07-04 | C85: 71306765 | D85: SMTR-04 | E85: (1881579480)TOKO BOGANIA | F85: WARUNG NOO | G85: WARUNG NOO | H85: Consignment | J85: 10 | K85: =(P2*P85)+(Q2*Q85)+(R2*R85)+(S2*S85)+(T2*T85)+(U2*U85)+(V2*V85)+(W2*W85)+(X2*X85)+(Y2*Y85)+(Z2*Z85)+(AA2*AA85)+(AB2*AB85)+(AC2*AC85)+(AD2*AD85)+(AE2*AE85)+(AF2*AF85)+(AG2*AG85)+(AH2*AH85)+(AI2*AI85)+(AJ2*AJ85)+(AK2*AK85)+(AL2*AL85)+(AM2*AM85)+(AN2*AN85)+(AO2*AO85)+(AP2*AP85)+(AQ2*AQ85)+(AR2*AR85)+(AS2*AS85)+(AT2*AT85)+(AU2*AU85)+(AV2*AV85)+(AW2*AW85)+(AX2*AX85)+(AY2*AY85)+(AZ2*AZ85)+(BA2*BA85)+(BB2*BB85)+(BC2*BC85)+(BD2*BD85)+(BE2*BE85)+(BF2*BF85)+(BG2*BG85)+(BH2*BH85)+(BI2*BI85)+(BJ2*BJ85)+(BK2*BK85)+(BL2*BL85)+(BM2*BM85)+(BN2*BN85)+(BO2*BO85)+(BP2*BP85)+(BQ2*BQ85)+(BR2*BR85)+(BS2*BS85)+(BT2*BT85)+(BU2*BU85)+(BV2*BV85)+(BW2*BW85)+(BX2*BX85)+(BY2*BY85)+(BZ2*BZ85)+(CA2*CA85)+(CB2*CB85)+(CC2*CC85)+(CD2*CD85) | L85: =K85-(K85*J85/100) | M85: =ROUND(L85/1.11, 2) | N85: =SUM(P85:CD85) | O85: =COUNTIF(P85:CD85,">0") | P85: 0 | Q85: 0 | R85: 0 | S85: 0 | T85: 0 | U85: 0 | V85: 0 | W85: 0 | X85: 0 | Y85: 0 | Z85: 0 | AA85: 0 | AB85: 0 | AC85: 0 | AD85: 0 | AE85: 0 | AF85: 0 | AG85: 0 | AH85: 0 | AI85: 0 | AJ85: 0 | AK85: 0 | AL85: 0 | AM85: 0 | AN85: 0 | AO85: 0 | AP85: 0 | AQ85: 0 | AR85: 0 | AS85: 0 | AT85: 0 | AU85: 0 | AV85: 0 | AW85: 0 | AX85: 0 | AY85: 0 | AZ85: 0 | BA85: 0 | BB85: 0 | BC85: 0 | BD85: 0 | BE85: 0 | BF85: 0 | BG85: 0 | BH85: 0 | BI85: 0 | BJ85: 0 | BK85: 0 | BL85: 0 | BM85: 0 | BN85: 0 | BO85: 0 | BP85: 0 | BQ85: 0 | BR85: 0 | BS85: 0 | BT85: 0 | BU85: 0 | BV85: 0 | BW85: 0 | BX85: 0 | BY85: 0 | BZ85: 0 | CA85: 0 | CB85: 0 | CC85: 0 | CD85: 0
A86: 84 | B86: 2026-07-04 | C86: 71306765 | D86: SMTR-04 | E86: (1881581277)TOKO SARMILIH | F86: WARUNG NOO | G86: WARUNG NOO | H86: Consignment | J86: 10 | K86: =(P2*P86)+(Q2*Q86)+(R2*R86)+(S2*S86)+(T2*T86)+(U2*U86)+(V2*V86)+(W2*W86)+(X2*X86)+(Y2*Y86)+(Z2*Z86)+(AA2*AA86)+(AB2*AB86)+(AC2*AC86)+(AD2*AD86)+(AE2*AE86)+(AF2*AF86)+(AG2*AG86)+(AH2*AH86)+(AI2*AI86)+(AJ2*AJ86)+(AK2*AK86)+(AL2*AL86)+(AM2*AM86)+(AN2*AN86)+(AO2*AO86)+(AP2*AP86)+(AQ2*AQ86)+(AR2*AR86)+(AS2*AS86)+(AT2*AT86)+(AU2*AU86)+(AV2*AV86)+(AW2*AW86)+(AX2*AX86)+(AY2*AY86)+(AZ2*AZ86)+(BA2*BA86)+(BB2*BB86)+(BC2*BC86)+(BD2*BD86)+(BE2*BE86)+(BF2*BF86)+(BG2*BG86)+(BH2*BH86)+(BI2*BI86)+(BJ2*BJ86)+(BK2*BK86)+(BL2*BL86)+(BM2*BM86)+(BN2*BN86)+(BO2*BO86)+(BP2*BP86)+(BQ2*BQ86)+(BR2*BR86)+(BS2*BS86)+(BT2*BT86)+(BU2*BU86)+(BV2*BV86)+(BW2*BW86)+(BX2*BX86)+(BY2*BY86)+(BZ2*BZ86)+(CA2*CA86)+(CB2*CB86)+(CC2*CC86)+(CD2*CD86) | L86: =K86-(K86*J86/100) | M86: =ROUND(L86/1.11, 2) | N86: =SUM(P86:CD86) | O86: =COUNTIF(P86:CD86,">0") | P86: 0 | Q86: 0 | R86: 0 | S86: 0 | T86: 0 | U86: 0 | V86: 0 | W86: 0 | X86: 0 | Y86: 0 | Z86: 0 | AA86: 0 | AB86: 0 | AC86: 0 | AD86: 0 | AE86: 0 | AF86: 0 | AG86: 0 | AH86: 0 | AI86: 0 | AJ86: 0 | AK86: 0 | AL86: 0 | AM86: 0 | AN86: 0 | AO86: 0 | AP86: 0 | AQ86: 0 | AR86: 0 | AS86: 0 | AT86: 0 | AU86: 0 | AV86: 0 | AW86: 0 | AX86: 0 | AY86: 0 | AZ86: 0 | BA86: 0 | BB86: 0 | BC86: 0 | BD86: 0 | BE86: 0 | BF86: 0 | BG86: 0 | BH86: 0 | BI86: 0 | BJ86: 0 | BK86: 0 | BL86: 0 | BM86: 0 | BN86: 0 | BO86: 0 | BP86: 0 | BQ86: 0 | BR86: 0 | BS86: 0 | BT86: 0 | BU86: 0 | BV86: 0 | BW86: 0 | BX86: 0 | BY86: 0 | BZ86: 0 | CA86: 0 | CB86: 0 | CC86: 0 | CD86: 0
A87: 85 | B87: 2026-07-04 | C87: 71306765 | D87: SMTR-04 | E87: (1881581287)TOKO NEDIO | F87: MTI NOO | G87: MTI NOO | H87: Consignment | J87: 10 | K87: =(P2*P87)+(Q2*Q87)+(R2*R87)+(S2*S87)+(T2*T87)+(U2*U87)+(V2*V87)+(W2*W87)+(X2*X87)+(Y2*Y87)+(Z2*Z87)+(AA2*AA87)+(AB2*AB87)+(AC2*AC87)+(AD2*AD87)+(AE2*AE87)+(AF2*AF87)+(AG2*AG87)+(AH2*AH87)+(AI2*AI87)+(AJ2*AJ87)+(AK2*AK87)+(AL2*AL87)+(AM2*AM87)+(AN2*AN87)+(AO2*AO87)+(AP2*AP87)+(AQ2*AQ87)+(AR2*AR87)+(AS2*AS87)+(AT2*AT87)+(AU2*AU87)+(AV2*AV87)+(AW2*AW87)+(AX2*AX87)+(AY2*AY87)+(AZ2*AZ87)+(BA2*BA87)+(BB2*BB87)+(BC2*BC87)+(BD2*BD87)+(BE2*BE87)+(BF2*BF87)+(BG2*BG87)+(BH2*BH87)+(BI2*BI87)+(BJ2*BJ87)+(BK2*BK87)+(BL2*BL87)+(BM2*BM87)+(BN2*BN87)+(BO2*BO87)+(BP2*BP87)+(BQ2*BQ87)+(BR2*BR87)+(BS2*BS87)+(BT2*BT87)+(BU2*BU87)+(BV2*BV87)+(BW2*BW87)+(BX2*BX87)+(BY2*BY87)+(BZ2*BZ87)+(CA2*CA87)+(CB2*CB87)+(CC2*CC87)+(CD2*CD87) | L87: =K87-(K87*J87/100) | M87: =ROUND(L87/1.11, 2) | N87: =SUM(P87:CD87) | O87: =COUNTIF(P87:CD87,">0") | P87: 0 | Q87: 0 | R87: 0 | S87: 0 | T87: 0 | U87: 0 | V87: 0 | W87: 0 | X87: 0 | Y87: 0 | Z87: 0 | AA87: 0 | AB87: 0 | AC87: 0 | AD87: 0 | AE87: 0 | AF87: 0 | AG87: 0 | AH87: 0 | AI87: 0 | AJ87: 0 | AK87: 0 | AL87: 0 | AM87: 0 | AN87: 0 | AO87: 0 | AP87: 0 | AQ87: 0 | AR87: 0 | AS87: 0 | AT87: 0 | AU87: 0 | AV87: 0 | AW87: 0 | AX87: 0 | AY87: 0 | AZ87: 0 | BA87: 0 | BB87: 0 | BC87: 0 | BD87: 0 | BE87: 0 | BF87: 0 | BG87: 0 | BH87: 0 | BI87: 0 | BJ87: 0 | BK87: 0 | BL87: 0 | BM87: 0 | BN87: 0 | BO87: 0 | BP87: 0 | BQ87: 0 | BR87: 0 | BS87: 0 | BT87: 0 | BU87: 0 | BV87: 0 | BW87: 0 | BX87: 0 | BY87: 0 | BZ87: 0 | CA87: 0 | CB87: 0 | CC87: 0 | CD87: 0
A88: 86 | B88: 2026-07-04 | C88: 71306765 | D88: SMTR-04 | E88: (1881581354)TOKO YUGO | F88: WARUNG NOO | G88: WARUNG NOO | H88: Consignment | J88: 10 | K88: =(P2*P88)+(Q2*Q88)+(R2*R88)+(S2*S88)+(T2*T88)+(U2*U88)+(V2*V88)+(W2*W88)+(X2*X88)+(Y2*Y88)+(Z2*Z88)+(AA2*AA88)+(AB2*AB88)+(AC2*AC88)+(AD2*AD88)+(AE2*AE88)+(AF2*AF88)+(AG2*AG88)+(AH2*AH88)+(AI2*AI88)+(AJ2*AJ88)+(AK2*AK88)+(AL2*AL88)+(AM2*AM88)+(AN2*AN88)+(AO2*AO88)+(AP2*AP88)+(AQ2*AQ88)+(AR2*AR88)+(AS2*AS88)+(AT2*AT88)+(AU2*AU88)+(AV2*AV88)+(AW2*AW88)+(AX2*AX88)+(AY2*AY88)+(AZ2*AZ88)+(BA2*BA88)+(BB2*BB88)+(BC2*BC88)+(BD2*BD88)+(BE2*BE88)+(BF2*BF88)+(BG2*BG88)+(BH2*BH88)+(BI2*BI88)+(BJ2*BJ88)+(BK2*BK88)+(BL2*BL88)+(BM2*BM88)+(BN2*BN88)+(BO2*BO88)+(BP2*BP88)+(BQ2*BQ88)+(BR2*BR88)+(BS2*BS88)+(BT2*BT88)+(BU2*BU88)+(BV2*BV88)+(BW2*BW88)+(BX2*BX88)+(BY2*BY88)+(BZ2*BZ88)+(CA2*CA88)+(CB2*CB88)+(CC2*CC88)+(CD2*CD88) | L88: =K88-(K88*J88/100) | M88: =ROUND(L88/1.11, 2) | N88: =SUM(P88:CD88) | O88: =COUNTIF(P88:CD88,">0") | P88: 0 | Q88: 0 | R88: 0 | S88: 0 | T88: 0 | U88: 0 | V88: 0 | W88: 0 | X88: 0 | Y88: 0 | Z88: 0 | AA88: 0 | AB88: 0 | AC88: 0 | AD88: 0 | AE88: 0 | AF88: 0 | AG88: 0 | AH88: 0 | AI88: 0 | AJ88: 0 | AK88: 0 | AL88: 0 | AM88: 0 | AN88: 0 | AO88: 0 | AP88: 0 | AQ88: 0 | AR88: 0 | AS88: 0 | AT88: 0 | AU88: 0 | AV88: 0 | AW88: 0 | AX88: 0 | AY88: 0 | AZ88: 0 | BA88: 0 | BB88: 0 | BC88: 0 | BD88: 0 | BE88: 0 | BF88: 0 | BG88: 0 | BH88: 0 | BI88: 0 | BJ88: 0 | BK88: 0 | BL88: 0 | BM88: 0 | BN88: 0 | BO88: 0 | BP88: 0 | BQ88: 0 | BR88: 0 | BS88: 0 | BT88: 0 | BU88: 0 | BV88: 0 | BW88: 0 | BX88: 0 | BY88: 0 | BZ88: 0 | CA88: 0 | CB88: 0 | CC88: 0 | CD88: 0
A89: 87 | B89: 2026-07-04 | C89: 71306765 | D89: SMTR-04 | E89: (1881581410)TOKO ARESMA | F89: WARUNG NOO | G89: WARUNG NOO | H89: Consignment | J89: 10 | K89: =(P2*P89)+(Q2*Q89)+(R2*R89)+(S2*S89)+(T2*T89)+(U2*U89)+(V2*V89)+(W2*W89)+(X2*X89)+(Y2*Y89)+(Z2*Z89)+(AA2*AA89)+(AB2*AB89)+(AC2*AC89)+(AD2*AD89)+(AE2*AE89)+(AF2*AF89)+(AG2*AG89)+(AH2*AH89)+(AI2*AI89)+(AJ2*AJ89)+(AK2*AK89)+(AL2*AL89)+(AM2*AM89)+(AN2*AN89)+(AO2*AO89)+(AP2*AP89)+(AQ2*AQ89)+(AR2*AR89)+(AS2*AS89)+(AT2*AT89)+(AU2*AU89)+(AV2*AV89)+(AW2*AW89)+(AX2*AX89)+(AY2*AY89)+(AZ2*AZ89)+(BA2*BA89)+(BB2*BB89)+(BC2*BC89)+(BD2*BD89)+(BE2*BE89)+(BF2*BF89)+(BG2*BG89)+(BH2*BH89)+(BI2*BI89)+(BJ2*BJ89)+(BK2*BK89)+(BL2*BL89)+(BM2*BM89)+(BN2*BN89)+(BO2*BO89)+(BP2*BP89)+(BQ2*BQ89)+(BR2*BR89)+(BS2*BS89)+(BT2*BT89)+(BU2*BU89)+(BV2*BV89)+(BW2*BW89)+(BX2*BX89)+(BY2*BY89)+(BZ2*BZ89)+(CA2*CA89)+(CB2*CB89)+(CC2*CC89)+(CD2*CD89) | L89: =K89-(K89*J89/100) | M89: =ROUND(L89/1.11, 2) | N89: =SUM(P89:CD89) | O89: =COUNTIF(P89:CD89,">0") | P89: 0 | Q89: 0 | R89: 0 | S89: 0 | T89: 0 | U89: 0 | V89: 0 | W89: 0 | X89: 0 | Y89: 0 | Z89: 0 | AA89: 0 | AB89: 0 | AC89: 0 | AD89: 0 | AE89: 0 | AF89: 0 | AG89: 0 | AH89: 0 | AI89: 0 | AJ89: 0 | AK89: 0 | AL89: 0 | AM89: 0 | AN89: 0 | AO89: 0 | AP89: 0 | AQ89: 0 | AR89: 0 | AS89: 0 | AT89: 0 | AU89: 0 | AV89: 0 | AW89: 0 | AX89: 0 | AY89: 0 | AZ89: 0 | BA89: 0 | BB89: 0 | BC89: 0 | BD89: 0 | BE89: 0 | BF89: 0 | BG89: 0 | BH89: 0 | BI89: 0 | BJ89: 0 | BK89: 0 | BL89: 0 | BM89: 0 | BN89: 0 | BO89: 0 | BP89: 0 | BQ89: 0 | BR89: 0 | BS89: 0 | BT89: 0 | BU89: 0 | BV89: 0 | BW89: 0 | BX89: 0 | BY89: 0 | BZ89: 0 | CA89: 0 | CB89: 0 | CC89: 0 | CD89: 0
A90: 88 | B90: 2026-07-04 | C90: 71306765 | D90: SMTR-04 | E90: (1881583205)TOKO ZIDAN 09 | F90: WARUNG NOO | G90: WARUNG NOO | H90: Consignment | J90: 10 | K90: =(P2*P90)+(Q2*Q90)+(R2*R90)+(S2*S90)+(T2*T90)+(U2*U90)+(V2*V90)+(W2*W90)+(X2*X90)+(Y2*Y90)+(Z2*Z90)+(AA2*AA90)+(AB2*AB90)+(AC2*AC90)+(AD2*AD90)+(AE2*AE90)+(AF2*AF90)+(AG2*AG90)+(AH2*AH90)+(AI2*AI90)+(AJ2*AJ90)+(AK2*AK90)+(AL2*AL90)+(AM2*AM90)+(AN2*AN90)+(AO2*AO90)+(AP2*AP90)+(AQ2*AQ90)+(AR2*AR90)+(AS2*AS90)+(AT2*AT90)+(AU2*AU90)+(AV2*AV90)+(AW2*AW90)+(AX2*AX90)+(AY2*AY90)+(AZ2*AZ90)+(BA2*BA90)+(BB2*BB90)+(BC2*BC90)+(BD2*BD90)+(BE2*BE90)+(BF2*BF90)+(BG2*BG90)+(BH2*BH90)+(BI2*BI90)+(BJ2*BJ90)+(BK2*BK90)+(BL2*BL90)+(BM2*BM90)+(BN2*BN90)+(BO2*BO90)+(BP2*BP90)+(BQ2*BQ90)+(BR2*BR90)+(BS2*BS90)+(BT2*BT90)+(BU2*BU90)+(BV2*BV90)+(BW2*BW90)+(BX2*BX90)+(BY2*BY90)+(BZ2*BZ90)+(CA2*CA90)+(CB2*CB90)+(CC2*CC90)+(CD2*CD90) | L90: =K90-(K90*J90/100) | M90: =ROUND(L90/1.11, 2) | N90: =SUM(P90:CD90) | O90: =COUNTIF(P90:CD90,">0") | P90: 0 | Q90: 0 | R90: 0 | S90: 0 | T90: 0 | U90: 0 | V90: 0 | W90: 0 | X90: 0 | Y90: 0 | Z90: 0 | AA90: 0 | AB90: 0 | AC90: 0 | AD90: 0 | AE90: 0 | AF90: 0 | AG90: 0 | AH90: 0 | AI90: 0 | AJ90: 0 | AK90: 0 | AL90: 0 | AM90: 0 | AN90: 0 | AO90: 0 | AP90: 0 | AQ90: 0 | AR90: 0 | AS90: 0 | AT90: 0 | AU90: 0 | AV90: 0 | AW90: 0 | AX90: 0 | AY90: 0 | AZ90: 0 | BA90: 0 | BB90: 0 | BC90: 0 | BD90: 0 | BE90: 0 | BF90: 0 | BG90: 0 | BH90: 0 | BI90: 0 | BJ90: 0 | BK90: 0 | BL90: 0 | BM90: 0 | BN90: 0 | BO90: 0 | BP90: 0 | BQ90: 0 | BR90: 0 | BS90: 0 | BT90: 0 | BU90: 0 | BV90: 0 | BW90: 0 | BX90: 0 | BY90: 0 | BZ90: 0 | CA90: 0 | CB90: 0 | CC90: 0 | CD90: 0
A91: 89 | B91: 2026-07-04 | C91: 71306765 | D91: SMTR-04 | E91: (1881585869)TOKO DEPI BAROKAH 2 | F91: WARUNG NOO | G91: WARUNG NOO | H91: Consignment | J91: 10 | K91: =(P2*P91)+(Q2*Q91)+(R2*R91)+(S2*S91)+(T2*T91)+(U2*U91)+(V2*V91)+(W2*W91)+(X2*X91)+(Y2*Y91)+(Z2*Z91)+(AA2*AA91)+(AB2*AB91)+(AC2*AC91)+(AD2*AD91)+(AE2*AE91)+(AF2*AF91)+(AG2*AG91)+(AH2*AH91)+(AI2*AI91)+(AJ2*AJ91)+(AK2*AK91)+(AL2*AL91)+(AM2*AM91)+(AN2*AN91)+(AO2*AO91)+(AP2*AP91)+(AQ2*AQ91)+(AR2*AR91)+(AS2*AS91)+(AT2*AT91)+(AU2*AU91)+(AV2*AV91)+(AW2*AW91)+(AX2*AX91)+(AY2*AY91)+(AZ2*AZ91)+(BA2*BA91)+(BB2*BB91)+(BC2*BC91)+(BD2*BD91)+(BE2*BE91)+(BF2*BF91)+(BG2*BG91)+(BH2*BH91)+(BI2*BI91)+(BJ2*BJ91)+(BK2*BK91)+(BL2*BL91)+(BM2*BM91)+(BN2*BN91)+(BO2*BO91)+(BP2*BP91)+(BQ2*BQ91)+(BR2*BR91)+(BS2*BS91)+(BT2*BT91)+(BU2*BU91)+(BV2*BV91)+(BW2*BW91)+(BX2*BX91)+(BY2*BY91)+(BZ2*BZ91)+(CA2*CA91)+(CB2*CB91)+(CC2*CC91)+(CD2*CD91) | L91: =K91-(K91*J91/100) | M91: =ROUND(L91/1.11, 2) | N91: =SUM(P91:CD91) | O91: =COUNTIF(P91:CD91,">0") | P91: 0 | Q91: 0 | R91: 0 | S91: 0 | T91: 0 | U91: 0 | V91: 0 | W91: 0 | X91: 0 | Y91: 0 | Z91: 0 | AA91: 0 | AB91: 0 | AC91: 0 | AD91: 0 | AE91: 0 | AF91: 0 | AG91: 0 | AH91: 0 | AI91: 0 | AJ91: 0 | AK91: 0 | AL91: 0 | AM91: 0 | AN91: 0 | AO91: 0 | AP91: 0 | AQ91: 0 | AR91: 0 | AS91: 0 | AT91: 0 | AU91: 0 | AV91: 0 | AW91: 0 | AX91: 0 | AY91: 0 | AZ91: 0 | BA91: 0 | BB91: 0 | BC91: 0 | BD91: 0 | BE91: 0 | BF91: 0 | BG91: 0 | BH91: 0 | BI91: 0 | BJ91: 0 | BK91: 0 | BL91: 0 | BM91: 0 | BN91: 0 | BO91: 0 | BP91: 0 | BQ91: 0 | BR91: 0 | BS91: 0 | BT91: 0 | BU91: 0 | BV91: 0 | BW91: 0 | BX91: 0 | BY91: 0 | BZ91: 0 | CA91: 0 | CB91: 0 | CC91: 0 | CD91: 0
A92: 90 | B92: 2026-07-04 | C92: 71306765 | D92: SMTR-04 | E92: (1881586658)TOKO UCOK | F92: WARUNG NOO | G92: WARUNG NOO | H92: Consignment | J92: 10 | K92: =(P2*P92)+(Q2*Q92)+(R2*R92)+(S2*S92)+(T2*T92)+(U2*U92)+(V2*V92)+(W2*W92)+(X2*X92)+(Y2*Y92)+(Z2*Z92)+(AA2*AA92)+(AB2*AB92)+(AC2*AC92)+(AD2*AD92)+(AE2*AE92)+(AF2*AF92)+(AG2*AG92)+(AH2*AH92)+(AI2*AI92)+(AJ2*AJ92)+(AK2*AK92)+(AL2*AL92)+(AM2*AM92)+(AN2*AN92)+(AO2*AO92)+(AP2*AP92)+(AQ2*AQ92)+(AR2*AR92)+(AS2*AS92)+(AT2*AT92)+(AU2*AU92)+(AV2*AV92)+(AW2*AW92)+(AX2*AX92)+(AY2*AY92)+(AZ2*AZ92)+(BA2*BA92)+(BB2*BB92)+(BC2*BC92)+(BD2*BD92)+(BE2*BE92)+(BF2*BF92)+(BG2*BG92)+(BH2*BH92)+(BI2*BI92)+(BJ2*BJ92)+(BK2*BK92)+(BL2*BL92)+(BM2*BM92)+(BN2*BN92)+(BO2*BO92)+(BP2*BP92)+(BQ2*BQ92)+(BR2*BR92)+(BS2*BS92)+(BT2*BT92)+(BU2*BU92)+(BV2*BV92)+(BW2*BW92)+(BX2*BX92)+(BY2*BY92)+(BZ2*BZ92)+(CA2*CA92)+(CB2*CB92)+(CC2*CC92)+(CD2*CD92) | L92: =K92-(K92*J92/100) | M92: =ROUND(L92/1.11, 2) | N92: =SUM(P92:CD92) | O92: =COUNTIF(P92:CD92,">0") | P92: 0 | Q92: 0 | R92: 0 | S92: 0 | T92: 0 | U92: 0 | V92: 0 | W92: 0 | X92: 0 | Y92: 0 | Z92: 0 | AA92: 0 | AB92: 0 | AC92: 0 | AD92: 0 | AE92: 0 | AF92: 0 | AG92: 0 | AH92: 0 | AI92: 0 | AJ92: 0 | AK92: 0 | AL92: 0 | AM92: 0 | AN92: 0 | AO92: 0 | AP92: 0 | AQ92: 0 | AR92: 0 | AS92: 0 | AT92: 0 | AU92: 0 | AV92: 0 | AW92: 0 | AX92: 0 | AY92: 0 | AZ92: 0 | BA92: 0 | BB92: 0 | BC92: 0 | BD92: 0 | BE92: 0 | BF92: 0 | BG92: 0 | BH92: 0 | BI92: 0 | BJ92: 0 | BK92: 0 | BL92: 0 | BM92: 0 | BN92: 0 | BO92: 0 | BP92: 0 | BQ92: 0 | BR92: 0 | BS92: 0 | BT92: 0 | BU92: 0 | BV92: 0 | BW92: 0 | BX92: 0 | BY92: 0 | BZ92: 0 | CA92: 0 | CB92: 0 | CC92: 0 | CD92: 0
A93: 91 | B93: 2026-07-04 | C93: 71306765 | D93: SMTR-04 | E93: (1881589045)BABAS WARUNG | F93: WARUNG NOO | G93: WARUNG NOO | H93: Consignment | J93: 10 | K93: =(P2*P93)+(Q2*Q93)+(R2*R93)+(S2*S93)+(T2*T93)+(U2*U93)+(V2*V93)+(W2*W93)+(X2*X93)+(Y2*Y93)+(Z2*Z93)+(AA2*AA93)+(AB2*AB93)+(AC2*AC93)+(AD2*AD93)+(AE2*AE93)+(AF2*AF93)+(AG2*AG93)+(AH2*AH93)+(AI2*AI93)+(AJ2*AJ93)+(AK2*AK93)+(AL2*AL93)+(AM2*AM93)+(AN2*AN93)+(AO2*AO93)+(AP2*AP93)+(AQ2*AQ93)+(AR2*AR93)+(AS2*AS93)+(AT2*AT93)+(AU2*AU93)+(AV2*AV93)+(AW2*AW93)+(AX2*AX93)+(AY2*AY93)+(AZ2*AZ93)+(BA2*BA93)+(BB2*BB93)+(BC2*BC93)+(BD2*BD93)+(BE2*BE93)+(BF2*BF93)+(BG2*BG93)+(BH2*BH93)+(BI2*BI93)+(BJ2*BJ93)+(BK2*BK93)+(BL2*BL93)+(BM2*BM93)+(BN2*BN93)+(BO2*BO93)+(BP2*BP93)+(BQ2*BQ93)+(BR2*BR93)+(BS2*BS93)+(BT2*BT93)+(BU2*BU93)+(BV2*BV93)+(BW2*BW93)+(BX2*BX93)+(BY2*BY93)+(BZ2*BZ93)+(CA2*CA93)+(CB2*CB93)+(CC2*CC93)+(CD2*CD93) | L93: =K93-(K93*J93/100) | M93: =ROUND(L93/1.11, 2) | N93: =SUM(P93:CD93) | O93: =COUNTIF(P93:CD93,">0") | P93: 0 | Q93: 0 | R93: 0 | S93: 0 | T93: 0 | U93: 0 | V93: 0 | W93: 0 | X93: 0 | Y93: 0 | Z93: 0 | AA93: 0 | AB93: 0 | AC93: 0 | AD93: 0 | AE93: 0 | AF93: 0 | AG93: 0 | AH93: 0 | AI93: 0 | AJ93: 0 | AK93: 0 | AL93: 0 | AM93: 0 | AN93: 0 | AO93: 0 | AP93: 0 | AQ93: 0 | AR93: 0 | AS93: 0 | AT93: 0 | AU93: 0 | AV93: 0 | AW93: 0 | AX93: 0 | AY93: 0 | AZ93: 0 | BA93: 0 | BB93: 0 | BC93: 0 | BD93: 0 | BE93: 0 | BF93: 0 | BG93: 0 | BH93: 0 | BI93: 0 | BJ93: 0 | BK93: 0 | BL93: 0 | BM93: 0 | BN93: 0 | BO93: 0 | BP93: 0 | BQ93: 0 | BR93: 0 | BS93: 0 | BT93: 0 | BU93: 0 | BV93: 0 | BW93: 0 | BX93: 0 | BY93: 0 | BZ93: 0 | CA93: 0 | CB93: 0 | CC93: 0 | CD93: 0
A94: 92 | B94: 2026-07-04 | C94: 71306765 | D94: SMTR-04 | E94: (1881589048)EL-MART TOKO | F94: WARUNG NOO | G94: WARUNG NOO | H94: Consignment | J94: 10 | K94: =(P2*P94)+(Q2*Q94)+(R2*R94)+(S2*S94)+(T2*T94)+(U2*U94)+(V2*V94)+(W2*W94)+(X2*X94)+(Y2*Y94)+(Z2*Z94)+(AA2*AA94)+(AB2*AB94)+(AC2*AC94)+(AD2*AD94)+(AE2*AE94)+(AF2*AF94)+(AG2*AG94)+(AH2*AH94)+(AI2*AI94)+(AJ2*AJ94)+(AK2*AK94)+(AL2*AL94)+(AM2*AM94)+(AN2*AN94)+(AO2*AO94)+(AP2*AP94)+(AQ2*AQ94)+(AR2*AR94)+(AS2*AS94)+(AT2*AT94)+(AU2*AU94)+(AV2*AV94)+(AW2*AW94)+(AX2*AX94)+(AY2*AY94)+(AZ2*AZ94)+(BA2*BA94)+(BB2*BB94)+(BC2*BC94)+(BD2*BD94)+(BE2*BE94)+(BF2*BF94)+(BG2*BG94)+(BH2*BH94)+(BI2*BI94)+(BJ2*BJ94)+(BK2*BK94)+(BL2*BL94)+(BM2*BM94)+(BN2*BN94)+(BO2*BO94)+(BP2*BP94)+(BQ2*BQ94)+(BR2*BR94)+(BS2*BS94)+(BT2*BT94)+(BU2*BU94)+(BV2*BV94)+(BW2*BW94)+(BX2*BX94)+(BY2*BY94)+(BZ2*BZ94)+(CA2*CA94)+(CB2*CB94)+(CC2*CC94)+(CD2*CD94) | L94: =K94-(K94*J94/100) | M94: =ROUND(L94/1.11, 2) | N94: =SUM(P94:CD94) | O94: =COUNTIF(P94:CD94,">0") | P94: 0 | Q94: 0 | R94: 0 | S94: 0 | T94: 0 | U94: 0 | V94: 0 | W94: 0 | X94: 0 | Y94: 0 | Z94: 0 | AA94: 0 | AB94: 0 | AC94: 0 | AD94: 0 | AE94: 0 | AF94: 0 | AG94: 0 | AH94: 0 | AI94: 0 | AJ94: 0 | AK94: 0 | AL94: 0 | AM94: 0 | AN94: 0 | AO94: 0 | AP94: 0 | AQ94: 0 | AR94: 0 | AS94: 0 | AT94: 0 | AU94: 0 | AV94: 0 | AW94: 0 | AX94: 0 | AY94: 0 | AZ94: 0 | BA94: 0 | BB94: 0 | BC94: 0 | BD94: 0 | BE94: 0 | BF94: 0 | BG94: 0 | BH94: 0 | BI94: 0 | BJ94: 0 | BK94: 0 | BL94: 0 | BM94: 0 | BN94: 0 | BO94: 0 | BP94: 0 | BQ94: 0 | BR94: 0 | BS94: 0 | BT94: 0 | BU94: 0 | BV94: 0 | BW94: 0 | BX94: 0 | BY94: 0 | BZ94: 0 | CA94: 0 | CB94: 0 | CC94: 0 | CD94: 0
A95: 93 | B95: 2026-07-04 | C95: 71306765 | D95: SMTR-04 | E95: (1881589050)CAHAYA FOTOCOPY | F95: WARUNG NOO | G95: WARUNG NOO | H95: Consignment | J95: 10 | K95: =(P2*P95)+(Q2*Q95)+(R2*R95)+(S2*S95)+(T2*T95)+(U2*U95)+(V2*V95)+(W2*W95)+(X2*X95)+(Y2*Y95)+(Z2*Z95)+(AA2*AA95)+(AB2*AB95)+(AC2*AC95)+(AD2*AD95)+(AE2*AE95)+(AF2*AF95)+(AG2*AG95)+(AH2*AH95)+(AI2*AI95)+(AJ2*AJ95)+(AK2*AK95)+(AL2*AL95)+(AM2*AM95)+(AN2*AN95)+(AO2*AO95)+(AP2*AP95)+(AQ2*AQ95)+(AR2*AR95)+(AS2*AS95)+(AT2*AT95)+(AU2*AU95)+(AV2*AV95)+(AW2*AW95)+(AX2*AX95)+(AY2*AY95)+(AZ2*AZ95)+(BA2*BA95)+(BB2*BB95)+(BC2*BC95)+(BD2*BD95)+(BE2*BE95)+(BF2*BF95)+(BG2*BG95)+(BH2*BH95)+(BI2*BI95)+(BJ2*BJ95)+(BK2*BK95)+(BL2*BL95)+(BM2*BM95)+(BN2*BN95)+(BO2*BO95)+(BP2*BP95)+(BQ2*BQ95)+(BR2*BR95)+(BS2*BS95)+(BT2*BT95)+(BU2*BU95)+(BV2*BV95)+(BW2*BW95)+(BX2*BX95)+(BY2*BY95)+(BZ2*BZ95)+(CA2*CA95)+(CB2*CB95)+(CC2*CC95)+(CD2*CD95) | L95: =K95-(K95*J95/100) | M95: =ROUND(L95/1.11, 2) | N95: =SUM(P95:CD95) | O95: =COUNTIF(P95:CD95,">0") | P95: 0 | Q95: 0 | R95: 0 | S95: 0 | T95: 0 | U95: 0 | V95: 0 | W95: 0 | X95: 0 | Y95: 0 | Z95: 0 | AA95: 0 | AB95: 0 | AC95: 0 | AD95: 0 | AE95: 0 | AF95: 0 | AG95: 0 | AH95: 0 | AI95: 0 | AJ95: 0 | AK95: 0 | AL95: 0 | AM95: 0 | AN95: 0 | AO95: 0 | AP95: 0 | AQ95: 0 | AR95: 0 | AS95: 0 | AT95: 0 | AU95: 0 | AV95: 0 | AW95: 0 | AX95: 0 | AY95: 0 | AZ95: 0 | BA95: 0 | BB95: 0 | BC95: 0 | BD95: 0 | BE95: 0 | BF95: 0 | BG95: 0 | BH95: 0 | BI95: 0 | BJ95: 0 | BK95: 0 | BL95: 0 | BM95: 0 | BN95: 0 | BO95: 0 | BP95: 0 | BQ95: 0 | BR95: 0 | BS95: 0 | BT95: 0 | BU95: 0 | BV95: 0 | BW95: 0 | BX95: 0 | BY95: 0 | BZ95: 0 | CA95: 0 | CB95: 0 | CC95: 0 | CD95: 0
A96: 94 | B96: 2026-07-04 | C96: 71306765 | D96: SMTR-04 | E96: (1881590512)ITA FROZEN FOOD TOKO | F96: WARUNG NOO | G96: WARUNG NOO | H96: Consignment | J96: 10 | K96: =(P2*P96)+(Q2*Q96)+(R2*R96)+(S2*S96)+(T2*T96)+(U2*U96)+(V2*V96)+(W2*W96)+(X2*X96)+(Y2*Y96)+(Z2*Z96)+(AA2*AA96)+(AB2*AB96)+(AC2*AC96)+(AD2*AD96)+(AE2*AE96)+(AF2*AF96)+(AG2*AG96)+(AH2*AH96)+(AI2*AI96)+(AJ2*AJ96)+(AK2*AK96)+(AL2*AL96)+(AM2*AM96)+(AN2*AN96)+(AO2*AO96)+(AP2*AP96)+(AQ2*AQ96)+(AR2*AR96)+(AS2*AS96)+(AT2*AT96)+(AU2*AU96)+(AV2*AV96)+(AW2*AW96)+(AX2*AX96)+(AY2*AY96)+(AZ2*AZ96)+(BA2*BA96)+(BB2*BB96)+(BC2*BC96)+(BD2*BD96)+(BE2*BE96)+(BF2*BF96)+(BG2*BG96)+(BH2*BH96)+(BI2*BI96)+(BJ2*BJ96)+(BK2*BK96)+(BL2*BL96)+(BM2*BM96)+(BN2*BN96)+(BO2*BO96)+(BP2*BP96)+(BQ2*BQ96)+(BR2*BR96)+(BS2*BS96)+(BT2*BT96)+(BU2*BU96)+(BV2*BV96)+(BW2*BW96)+(BX2*BX96)+(BY2*BY96)+(BZ2*BZ96)+(CA2*CA96)+(CB2*CB96)+(CC2*CC96)+(CD2*CD96) | L96: =K96-(K96*J96/100) | M96: =ROUND(L96/1.11, 2) | N96: =SUM(P96:CD96) | O96: =COUNTIF(P96:CD96,">0") | P96: 0 | Q96: 0 | R96: 0 | S96: 0 | T96: 0 | U96: 0 | V96: 0 | W96: 0 | X96: 0 | Y96: 0 | Z96: 0 | AA96: 0 | AB96: 0 | AC96: 0 | AD96: 0 | AE96: 0 | AF96: 0 | AG96: 0 | AH96: 0 | AI96: 0 | AJ96: 0 | AK96: 0 | AL96: 0 | AM96: 0 | AN96: 0 | AO96: 0 | AP96: 0 | AQ96: 0 | AR96: 0 | AS96: 0 | AT96: 0 | AU96: 0 | AV96: 0 | AW96: 0 | AX96: 0 | AY96: 0 | AZ96: 0 | BA96: 0 | BB96: 0 | BC96: 0 | BD96: 0 | BE96: 0 | BF96: 0 | BG96: 0 | BH96: 0 | BI96: 0 | BJ96: 0 | BK96: 0 | BL96: 0 | BM96: 0 | BN96: 0 | BO96: 0 | BP96: 0 | BQ96: 0 | BR96: 0 | BS96: 0 | BT96: 0 | BU96: 0 | BV96: 0 | BW96: 0 | BX96: 0 | BY96: 0 | BZ96: 0 | CA96: 0 | CB96: 0 | CC96: 0 | CD96: 0
B97: Total | K97: =SUM(K3:K96) | L97: =SUM(L3:L96) | M97: =SUM(M3:M96) | N97: =SUM(N3:N96) | O97: =SUM(O3:O96) | P97: =SUM(P3:P96) | Q97: =SUM(Q3:Q96) | R97: =SUM(R3:R96) | ... CD97: =SUM(CD3:CD96)
A98: 1 | B98: 2026-07-04 | C98: 71306761 | D98: SMTR-01 | E98: kuota | P98: 0 | Q98: 0 | R98: 0 | S98: 0 | T98: 0 | U98: 0 | V98: 0 | W98: 0 | X98: 0 | Y98: 0 | Z98: 0 | AA98: 0 | AB98: 0 | AC98: 0 | AD98: 0 | AE98: 0 | AF98: 0 | AG98: 0 | AH98: 0 | AI98: 0 | AJ98: 0 | AK98: 0 | AL98: 0 | AM98: 0 | AN98: 0 | AO98: 0 | AP98: 0 | AQ98: 0 | AR98: 0 | AS98: 0 | AT98: 0 | AU98: 0 | AV98: 0 | AW98: 0 | AX98: 0 | AY98: 0 | AZ98: 0 | BA98: 0 | BB98: 0 | BC98: 0 | BD98: 0 | BE98: 0 | BF98: 0 | BG98: 0 | BH98: 0 | BI98: 0 | BJ98: 0 | BK98: 0 | BL98: 0 | BM98: 0 | BN98: 0 | BO98: 0 | BP98: 0 | BQ98: 0 | BR98: 0 | BS98: 0 | BT98: 0 | BU98: 0 | BV98: 0 | BW98: 0 | BX98: 0 | BY98: 0 | BZ98: 0 | CA98: 0 | CB98: 0 | CC98: 0 | CD98: 0
A99: 2 | B99: 2026-07-04 | C99: 71306761 | D99: SMTR-01 | E99: Total Estimasi | P99: =SUMIF(D3:D96,D98,P3:P96) | Q99: =SUMIF(D3:D96,D98,Q3:Q96) | R99: =SUMIF(D3:D96,D98,R3:R96) | S99: =SUMIF(D3:D96,D98,S3:S96) | T99: =SUMIF(D3:D96,D98,T3:T96) | U99: =SUMIF(D3:D96,D98,U3:U96) | V99: =SUMIF(D3:D96,D98,V3:V96) | W99: =SUMIF(D3:D96,D98,W3:W96) | X99: =SUMIF(D3:D96,D98,X3:X96) | Y99: =SUMIF(D3:D96,D98,Y3:Y96) | Z99: =SUMIF(D3:D96,D98,Z3:Z96) | AA99: =SUMIF(D3:D96,D98,AA3:AA96) | AB99: =SUMIF(D3:D96,D98,AB3:AB96) | AC99: =SUMIF(D3:D96,D98,AC3:AC96) | AD99: =SUMIF(D3:D96,D98,AD3:AD96) | AE99: =SUMIF(D3:D96,D98,AE3:AE96) | AF99: =SUMIF(D3:D96,D98,AF3:AF96) | AG99: =SUMIF(D3:D96,D98,AG3:AG96) | AH99: =SUMIF(D3:D96,D98,AH3:AH96) | AI99: =SUMIF(D3:D96,D98,AI3:AI96) | AJ99: =SUMIF(D3:D96,D98,AJ3:AJ96) | AK99: =SUMIF(D3:D96,D98,AK3:AK96) | AL99: =SUMIF(D3:D96,D98,AL3:AL96) | AM99: =SUMIF(D3:D96,D98,AM3:AM96) | AN99: =SUMIF(D3:D96,D98,AN3:AN96) | AO99: =SUMIF(D3:D96,D98,AO3:AO96) | AP99: =SUMIF(D3:D96,D98,AP3:AP96) | AQ99: =SUMIF(D3:D96,D98,AQ3:AQ96) | AR99: =SUMIF(D3:D96,D98,AR3:AR96) | AS99: =SUMIF(D3:D96,D98,AS3:AS96) | AT99: =SUMIF(D3:D96,D98,AT3:AT96) | AU99: =SUMIF(D3:D96,D98,AU3:AU96) | AV99: =SUMIF(D3:D96,D98,AV3:AV96) | AW99: =SUMIF(D3:D96,D98,AW3:AW96) | AX99: =SUMIF(D3:D96,D98,AX3:AX96) | AY99: =SUMIF(D3:D96,D98,AY3:AY96) | AZ99: =SUMIF(D3:D96,D98,AZ3:AZ96) | BA99: =SUMIF(D3:D96,D98,BA3:BA96) | BB99: =SUMIF(D3:D96,D98,BB3:BB96) | BC99: =SUMIF(D3:D96,D98,BC3:BC96) | BD99: =SUMIF(D3:D96,D98,BD3:BD96) | BE99: =SUMIF(D3:D96,D98,BE3:BE96) | BF99: =SUMIF(D3:D96,D98,BF3:BF96) | BG99: =SUMIF(D3:D96,D98,BG3:BG96) | BH99: =SUMIF(D3:D96,D98,BH3:BH96) | BI99: =SUMIF(D3:D96,D98,BI3:BI96) | BJ99: =SUMIF(D3:D96,D98,BJ3:BJ96) | BK99: =SUMIF(D3:D96,D98,BK3:BK96) | BL99: =SUMIF(D3:D96,D98,BL3:BL96) | BM99: =SUMIF(D3:D96,D98,BM3:BM96) | BN99: =SUMIF(D3:D96,D98,BN3:BN96) | BO99: =SUMIF(D3:D96,D98,BO3:BO96) | BP99: =SUMIF(D3:D96,D98,BP3:BP96) | BQ99: =SUMIF(D3:D96,D98,BQ3:BQ96) | BR99: =SUMIF(D3:D96,D98,BR3:BR96) | BS99: =SUMIF(D3:D96,D98,BS3:BS96) | BT99: =SUMIF(D3:D96,D98,BT3:BT96) | BU99: =SUMIF(D3:D96,D98,BU3:BU96) | BV99: =SUMIF(D3:D96,D98,BV3:BV96) | BW99: =SUMIF(D3:D96,D98,BW3:BW96) | BX99: =SUMIF(D3:D96,D98,BX3:BX96) | BY99: =SUMIF(D3:D96,D98,BY3:BY96) | BZ99: =SUMIF(D3:D96,D98,BZ3:BZ96) | CA99: =SUMIF(D3:D96,D98,CA3:CA96) | CB99: =SUMIF(D3:D96,D98,CB3:CB96) | CC99: =SUMIF(D3:D96,D98,CC3:CC96) | CD99: =SUMIF(D3:D96,D98,CD3:CD96)
A100: 3 | B100: 2026-07-04 | C100: 71306762 | D100: SMTR_02 | E100: kuota | P100: 0 | Q100: 0 | R100: 0 | S100: 0 | T100: 0 | U100: 0 | V100: 0 | W100: 0 | X100: 0 | Y100: 0 | Z100: 0 | AA100: 0 | AB100: 0 | AC100: 0 | AD100: 0 | AE100: 0 | AF100: 0 | AG100: 0 | AH100: 0 | AI100: 0 | AJ100: 0 | AK100: 0 | AL100: 0 | AM100: 0 | AN100: 0 | AO100: 0 | AP100: 0 | AQ100: 0 | AR100: 0 | AS100: 0 | AT100: 0 | AU100: 0 | AV100: 0 | AW100: 0 | AX100: 0 | AY100: 0 | AZ100: 0 | BA100: 0 | BB100: 0 | BC100: 0 | BD100: 0 | BE100: 0 | BF100: 0 | BG100: 0 | BH100: 0 | BI100: 0 | BJ100: 0 | BK100: 0 | BL100: 0 | BM100: 0 | BN100: 0 | BO100: 0 | BP100: 0 | BQ100: 0 | BR100: 0 | BS100: 0 | BT100: 0 | BU100: 0 | BV100: 0 | BW100: 0 | BX100: 0 | BY100: 0 | BZ100: 0 | CA100: 0 | CB100: 0 | CC100: 0 | CD100: 0
...

Sheet Rekap
A1: Periode | B1: (04/07/2026 - 04/07/2026)
A2: Depo | B2: D/BGR/CITEREUP/PT. MUD/CBT
A3: Date | B3: 01/07/2026
C5: 2026-07-04
A6: No | B6: Short Name | C6: QTY | D6: TOTAL QTY
A7: 1 | B7: RTSII | C7: ='2026-07-04'!P97 | D7: =C7
A8: 2 | B8: RTGII | C8: ='2026-07-04'!Q97 | D8: =C8
A9: 3 | B9: RTPDM2 | C9: ='2026-07-04'!R97 | D9: =C9
A10: 4 | B10: RCC2 | C10: ='2026-07-04'!S97 | D10: =C10
A11: 5 | B11: RTKL | C11: ='2026-07-04'!T97 | D11: =C11
A12: 6 | B12: SCK2 | C12: ='2026-07-04'!U97 | D12: =C12
A13: 7 | B13: SAB2 | C13: ='2026-07-04'!V97 | D13: =C13
A14: 8 | B14: SAP2 | C14: ='2026-07-04'!W97 | D14: =C14
A15: 9 | B15: SKJ2 | C15: ='2026-07-04'!X97 | D15: =C15
A16: 10 | B16: SSM2 | C16: ='2026-07-04'!Y97 | D16: =C16
A17: 11 | B17: RKU2 | C17: ='2026-07-04'!Z97 | D17: =C17
A18: 12 | B18: RJKU II | C18: ='2026-07-04'!AA97 | D18: =C18
A19: 13 | B19: RMS II | C19: ='2026-07-04'!AB97 | D19: =C19
A20: 14 | B20: ZSCCK | C20: ='2026-07-04'!AC97 | D20: =C20
A21: 15 | B21: ZSCM | C21: ='2026-07-04'!AD97 | D21: =C21
A22: 16 | B22: ZSCS | C22: ='2026-07-04'!AE97 | D22: =C22
A23: 17 | B23: RJTS500 | C23: ='2026-07-04'!AF97 | D23: =C23
A24: 18 | B24: RJMS500 | C24: ='2026-07-04'!AG97 | D24: =C24
A25: 19 | B25: SCB | C25: ='2026-07-04'!AH97 | D25: =C25
A26: 20 | B26: ZSCST | C26: ='2026-07-04'!AI97 | D26: =C26
A27: 21 | B27: SGK | C27: ='2026-07-04'!AJ97 | D27: =C27
A28: 22 | B28: DOT | C28: ='2026-07-04'!AK97 | D28: =C28
A29: 23 | B29: ICK GT II | C29: ='2026-07-04'!AL97 | D29: =C29
A30: 24 | B30: ICC II GT | C30: ='2026-07-04'!AM97 | D30: =C30
A31: 25 | B31: ISC GT | C31: ='2026-07-04'!AN97 | D31: =C31
A32: 26 | B32: IST GT | C32: ='2026-07-04'!AO97 | D32: =C32
A33: 27 | B33: IBL GT | C33: ='2026-07-04'!AP97 | D33: =C33
A34: 28 | B34: ICO GT | C34: ='2026-07-04'!AQ97 | D34: =C34
A35: 29 | B35: IGC | C35: ='2026-07-04'!AR97 | D35: =C35
A36: 30 | B36: SRC III | C36: ='2026-07-04'!AS97 | D36: =C36
A37: 31 | B37: SCC III | C37: ='2026-07-04'!AT97 | D37: =C37
A38: 32 | B38: SRM III | C38: ='2026-07-04'!AU97 | D38: =C38
A39: 33 | B39: ZCRCC | C39: ='2026-07-04'!AV97 | D39: =C39
A40: 34 | B40: ZCRCR | C40: ='2026-07-04'!AW97 | D40: =C40
A41: 35 | B41: ZCRCB | C41: ='2026-07-04'!AX97 | D41: =C41
A42: 36 | B42: SRS | C42: ='2026-07-04'!AY97 | D42: =C42
A43: 37 | B43: ZCRGC | C43: ='2026-07-04'!AZ97 | D43: =C43
A44: 38 | B44: DIC | C44: ='2026-07-04'!BA97 | D44: =C44
A45: 39 | B45: DCP | C45: ='2026-07-04'!BB97 | D45: =C45
A46: 40 | B46: DHF | C46: ='2026-07-04'!BC97 | D46: =C46
A47: 41 | B47: DST | C47: ='2026-07-04'!BD97 | D47: =C47
A48: 42 | B48: DPS | C48: ='2026-07-04'!BE97 | D48: =C48
A49: 43 | B49: DNS | C49: ='2026-07-04'!BF97 | D49: =C49
A50: 44 | B50: RKJ2 | C50: ='2026-07-04'!BG97 | D50: =C50
A51: 45 | B51: RSM2 | C51: ='2026-07-04'!BH97 | D51: =C51
A52: 46 | B52: RKS2 | C52: ='2026-07-04'!BI97 | D52: =C52
A53: 47 | B53: TOCII5S | C53: ='2026-07-04'!BJ97 | D53: =C53
A54: 48 | B54: TCCII5S | C54: ='2026-07-04'!BK97 | D54: =C54
A55: 49 | B55: TCSII5S | C55: ='2026-07-04'!BL97 | D55: =C55
A56: 50 | B56: TSTII5S | C56: ='2026-07-04'!BM97 | D56: =C56
A57: 51 | B57: TCBII5S | C57: ='2026-07-04'!BN97 | D57: =C57
A58: 52 | B58: KKM | C58: ='2026-07-04'!BO97 | D58: =C58
A59: 53 | B59: RMNC | C59: ='2026-07-04'!BP97 | D59: =C59
A60: 54 | B60: RMNS | C60: ='2026-07-04'!BQ97 | D60: =C60
A61: 55 | B61: TDOC 72 | C61: ='2026-07-04'!BR97 | D61: =C61
A62: 56 | B62: TDCC 72 | C62: ='2026-07-04'!BS97 | D62: =C62
A63: 57 | B63: TDCS 72 | C63: ='2026-07-04'!BT97 | D63: =C63
A64: 58 | B64: BURII | C64: ='2026-07-04'!BU97 | D64: =C64
A65: 59 | B65: CCC | C65: ='2026-07-04'!BV97 | D65: =C65
A66: 60 | B66: CCP | C66: ='2026-07-04'!BW97 | D66: =C66
A67: 61 | B67: CCMS | C67: ='2026-07-04'!BX97 | D67: =C67
A68: 62 | B68: STCB | C68: ='2026-07-04'!BY97 | D68: =C68
A69: 63 | B69: BMO | C69: ='2026-07-04'!BZ97 | D69: =C69
A70: 64 | B70: WFO | C70: ='2026-07-04'!CA97 | D70: =C70
A71: 65 | B71: STCDC | C71: ='2026-07-04'!CB97 | D71: =C71
A72: 66 | B72: MNC | C72: ='2026-07-04'!CC97 | D72: =C72
A73: 67 | B73: BKOR | C73: ='2026-07-04'!CD97 | D73: =C73

Sheet Rekap by Type
A1: Periode | B1: (04/07/2026 - 04/07/2026)
A2: Depo | B2: D/BGR/CITEREUP/PT. MUD/CBT
A3: Date | B3: 01/07/2026
A5: Main Store | B5: Klasifikasi | C5: Store Type | D5: QTY | E5: CBP | F5: RBP | G5: RBP Exclude PPN
A6: COMMUNITY | B6: COMMUNITY BASED ON INTEREST | C6: MITRA-DIRECT SELLING | D6: =(SUMIF('2026-07-04'!F3:F96,'Rekap by Type'!C6,'2026-07-04'!L3:L96)) | E6: =(SUMIF('2026-07-04'!F3:F96,'Rekap by Type'!C6,'2026-07-04'!I3:I96)) | F6: =(SUMIF('2026-07-04'!F3:F96,'Rekap by Type'!C6,'2026-07-04'!J3:J96)) | G6: =ROUND(F6/1.11,0)
A7: COMMUNITY | B7: COMMUNITY BASED ON INTEREST | C7: PENJUALAN CASH | D7: =(SUMIF('2026-07-04'!F3:F96,'Rekap by Type'!C7,'2026-07-04'!L3:L96)) | E7: =(SUMIF('2026-07-04'!F3:F96,'Rekap by Type'!C7,'2026-07-04'!I3:I96)) | F7: =(SUMIF('2026-07-04'!F3:F96,'Rekap by Type'!C7,'2026-07-04'!J3:J96)) | G7: =ROUND(F7/1.11,0)
A8: COMMUNITY | B8: COMMUNITY BASED ON LOCATION | C8: BUMDES | D8: =(SUMIF('2026-07-04'!F3:F96,'Rekap by Type'!C8,'2026-07-04'!L3:L96)) | E8: =(SUMIF('2026-07-04'!F3:F96,'Rekap by Type'!C8,'2026-07-04'!I3:I96)) | F8: =(SUMIF('2026-07-04'!F3:F96,'Rekap by Type'!C8,'2026-07-04'!J3:J96)) | G8: =ROUND(F8/1.11,0)
A9: e-Trade | B9: E-COMMERCE | C9: GO FOOD | D9: =(SUMIF('2026-07-04'!F3:F96,'Rekap by Type'!C9,'2026-07-04'!L3:L96)) | E9: =(SUMIF('2026-07-04'!F3:F96,'Rekap by Type'!C9,'2026-07-04'!I3:I96)) | F9: =(SUMIF('2026-07-04'!F3:F96,'Rekap by Type'!C9,'2026-07-04'!J3:J96)) | G9: =ROUND(F9/1.11,0)
A10: e-Trade | B10: E-COMMERCE | C10: GRAB FOOD | D10: =(SUMIF('2026-07-04'!F3:F96,'Rekap by Type'!C10,'2026-07-04'!L3:L96)) | E10: =(SUMIF('2026-07-04'!F3:F96,'Rekap by Type'!C10,'2026-07-04'!I3:I96)) | F10: =(SUMIF('2026-07-04'!F3:F96,'Rekap by Type'!C10,'2026-07-04'!J3:J96)) | G10: =ROUND(F10/1.11,0)
A11: e-Trade | B11: E-COMMERCE | C11: TOKOPEDIA | D11: =(SUMIF('2026-07-04'!F3:F96,'Rekap by Type'!C11,'2026-07-04'!L3:L96)) | E11: =(SUMIF('2026-07-04'!F3:F96,'Rekap by Type'!C11,'2026-07-04'!I3:I96)) | F11: =(SUMIF('2026-07-04'!F3:F96,'Rekap by Type'!C11,'2026-07-04'!J3:J96)) | G11: =ROUND(F11/1.11,0)
A12: e-Trade | B12: E-COMMERCE | C12: JDID | D12: =(SUMIF('2026-07-04'!F3:F96,'Rekap by Type'!C12,'2026-07-04'!L3:L96)) | E12: =(SUMIF('2026-07-04'!F3:F96,'Rekap by Type'!C12,'2026-07-04'!I3:I96)) | F12: =(SUMIF('2026-07-04'!F3:F96,'Rekap by Type'!C12,'2026-07-04'!J3:J96)) | G12: =ROUND(F12/1.11,0)
A13: e-Trade | B13: E-COMMERCE | C13: SHOPEE | D13: =(SUMIF('2026-07-04'!F3:F96,'Rekap by Type'!C13,'2026-07-04'!L3:L96)) | E13: =(SUMIF('2026-07-04'!F3:F96,'Rekap by Type'!C13,'2026-07-04'!I3:I96)) | F13: =(SUMIF('2026-07-04'!F3:F96,'Rekap by Type'!C13,'2026-07-04'!J3:J96)) | G13: =ROUND(F13/1.11,0)
A14: e-Trade | B14: E-COMMERCE | C14: BLIBLI | D14: =(SUMIF('2026-07-04'!F3:F96,'Rekap by Type'!C14,'2026-07-04'!L3:L96)) | E14: =(SUMIF('2026-07-04'!F3:F96,'Rekap by Type'!C14,'2026-07-04'!I3:I96)) | F14: =(SUMIF('2026-07-04'!F3:F96,'Rekap by Type'!C14,'2026-07-04'!J3:J96)) | G14: =ROUND(F14/1.11,0)
A15: e-Trade | B15: E-COMMERCE | C15: FOOD DELIVERY ONLINE | D15: =(SUMIF('2026-07-04'!F3:F96,'Rekap by Type'!C15,'2026-07-04'!L3:L96)) | E15: =(SUMIF('2026-07-04'!F3:F96,'Rekap by Type'!C15,'2026-07-04'!I3:I96)) | F15: =(SUMIF('2026-07-04'!F3:F96,'Rekap by Type'!C15,'2026-07-04'!J3:J96)) | G15: =ROUND(F15/1.11,0)
A16: e-Trade | B16: E-COMMERCE | C16: OTHERS ECOMERCE | D16: =(SUMIF('2026-07-04'!F3:F96,'Rekap by Type'!C16,'2026-07-04'!L3:L96)) | E16: =(SUMIF('2026-07-04'!F3:F96,'Rekap by Type'!C16,'2026-07-04'!I3:I96)) | F16: =(SUMIF('2026-07-04'!F3:F96,'Rekap by Type'!C16,'2026-07-04'!J3:J96)) | G16: =ROUND(F16/1.11,0)
A17: COMMUNITY | B17: INSTITUSI - GT | C17: FACTORY | D17: =(SUMIF('2026-07-04'!F3:F96,'Rekap by Type'!C17,'2026-07-04'!L3:L96)) | E17: =(SUMIF('2026-07-04'!F3:F96,'Rekap by Type'!C17,'2026-07-04'!I3:I96)) | F17: =(SUMIF('2026-07-04'!F3:F96,'Rekap by Type'!C17,'2026-07-04'!J3:J96)) | G17: =ROUND(F17/1.11,0)
A18: COMMUNITY | B18: INSTITUSI - GT | C18: OFFICE | D18: =(SUMIF('2026-07-04'!F3:F96,'Rekap by Type'!C18,'2026-07-04'!L3:L96)) | E18: =(SUMIF('2026-07-04'!F3:F96,'Rekap by Type'!C18,'2026-07-04'!I3:I96)) | F18: =(SUMIF('2026-07-04'!F3:F96,'Rekap by Type'!C18,'2026-07-04'!J3:J96)) | G18: =ROUND(F18/1.11,0)
A19: COMMUNITY | B19: INSTITUSI - GT | C19: AIRLINE | D19: =(SUMIF('2026-07-04'!F3:F96,'Rekap by Type'!C19,'2026-07-04'!L3:L96)) | E19: =(SUMIF('2026-07-04'!F3:F96,'Rekap by Type'!C19,'2026-07-04'!I3:I96)) | F19: =(SUMIF('2026-07-04'!F3:F96,'Rekap by Type'!C19,'2026-07-04'!J3:J96)) | G19: =ROUND(F19/1.11,0)
A20: COMMUNITY | B20: INSTITUSI - GT | C20: STOK ON HAND MANDIRI | D20: =(SUMIF('2026-07-04'!F3:F96,'Rekap by Type'!C20,'2026-07-04'!L3:L96)) | E20: =(SUMIF('2026-07-04'!F3:F96,'Rekap by Type'!C20,'2026-07-04'!I3:I96)) | F20: =(SUMIF('2026-07-04'!F3:F96,'Rekap by Type'!C20,'2026-07-04'!J3:J96)) | G20: =ROUND(F20/1.11,0)
A21: COMMUNITY | B21: INSTITUSI - GT | C21: HORECA | D21: =(SUMIF('2026-07-04'!F3:F96,'Rekap by Type'!C21,'2026-07-04'!L3:L96)) | E21: =(SUMIF('2026-07-04'!F3:F96,'Rekap by Type'!C21,'2026-07-04'!I3:I96)) | F21: =(SUMIF('2026-07-04'!F3:F96,'Rekap by Type'!C21,'2026-07-04'!J3:J96)) | G21: =ROUND(F21/1.11,0)
A22: COMMUNITY | B22: INSTITUSI - GT | C22: KOPERASI | D22: =(SUMIF('2026-07-04'!F3:F96,'Rekap by Type'!C22,'2026-07-04'!L3:L96)) | E22: =(SUMIF('2026-07-04'!F3:F96,'Rekap by Type'!C22,'2026-07-04'!I3:I96)) | F22: =(SUMIF('2026-07-04'!F3:F96,'Rekap by Type'!C22,'2026-07-04'!J3:J96)) | G22: =ROUND(F22/1.11,0)
A23: COMMUNITY | B23: INSTITUSI - GT | C23: OTHERS INSTITUSI | D23: =(SUMIF('2026-07-04'!F3:F96,'Rekap by Type'!C23,'2026-07-04'!L3:L96)) | E23: =(SUMIF('2026-07-04'!F3:F96,'Rekap by Type'!C23,'2026-07-04'!I3:I96)) | F23: =(SUMIF('2026-07-04'!F3:F96,'Rekap by Type'!C23,'2026-07-04'!J3:J96)) | G23: =ROUND(F23/1.11,0)
A24: COMMUNITY | B24: DN - AR | C24: DEBIT NOTED (DN) | D24: =(SUMIF('2026-07-04'!F3:F96,'Rekap by Type'!C24,'2026-07-04'!L3:L96)) | E24: =(SUMIF('2026-07-04'!F3:F96,'Rekap by Type'!C24,'2026-07-04'!I3:I96)) | F24: =(SUMIF('2026-07-04'!F3:F96,'Rekap by Type'!C24,'2026-07-04'!J3:J96)) | G24: =ROUND(F24/1.11,0)
A25: SEKOLAH | B25: SEKOLAH | C25: SEKOLAH - BOTI | D25: =(SUMIF('2026-07-04'!F3:F96,'Rekap by Type'!C25,'2026-07-04'!L3:L96)) | E25: =(SUMIF('2026-07-04'!F3:F96,'Rekap by Type'!C25,'2026-07-04'!I3:I96)) | F25: =(SUMIF('2026-07-04'!F3:F96,'Rekap by Type'!C25,'2026-07-04'!J3:J96)) | G25: =ROUND(F25/1.11,0)
A26: SEKOLAH | B26: SEKOLAH | C26: SEKOLAH - SARI ROTI | D26: =(SUMIF('2026-07-04'!F3:F96,'Rekap by Type'!C26,'2026-07-04'!L3:L96)) | E26: =(SUMIF('2026-07-04'!F3:F96,'Rekap by Type'!C26,'2026-07-04'!I3:I96)) | F26: =(SUMIF('2026-07-04'!F3:F96,'Rekap by Type'!C26,'2026-07-04'!J3:J96)) | G26: =ROUND(F26/1.11,0)
A27: COMMUNITY | B27: COMMUNITY BASED ON CUMMUNION | C27: KEWIRAUSAHAAN (KWU) SEKOLAH | D27: =(SUMIF('2026-07-04'!F3:F96,'Rekap by Type'!C27,'2026-07-04'!L3:L96)) | E27: =(SUMIF('2026-07-04'!F3:F96,'Rekap by Type'!C27,'2026-07-04'!I3:I96)) | F27: =(SUMIF('2026-07-04'!F3:F96,'Rekap by Type'!C27,'2026-07-04'!J3:J96)) | G27: =ROUND(F27/1.11,0)
A28: COMMUNITY | B28: COMMUNITY BASED ON CUMMUNION | C28: KEWIRAUSAHAAN (KWU) MANDIRI | D28: =(SUMIF('2026-07-04'!F3:F96,'Rekap by Type'!C28,'2026-07-04'!L3:L96)) | E28: =(SUMIF('2026-07-04'!F3:F96,'Rekap by Type'!C28,'2026-07-04'!I3:I96)) | F28: =(SUMIF('2026-07-04'!F3:F96,'Rekap by Type'!C28,'2026-07-04'!J3:J96)) | G28: =ROUND(F28/1.11,0)
A29: WARUNG | B29: SR-COMMUNITY | C29: MCE | D29: =(SUMIF('2026-07-04'!F3:F96,'Rekap by Type'!C29,'2026-07-04'!L3:L96)) | E29: =(SUMIF('2026-07-04'!F3:F96,'Rekap by Type'!C29,'2026-07-04'!I3:I96)) | F29: =(SUMIF('2026-07-04'!F3:F96,'Rekap by Type'!C29,'2026-07-04'!J3:J96)) | G29: =ROUND(F29/1.11,0)
A30: MTI | B30: LAYANAN KESEHATAN | C30: APOTEK | D30: =(SUMIF('2026-07-04'!F3:F96,'Rekap by Type'!C30,'2026-07-04'!L3:L96)) | E30: =(SUMIF('2026-07-04'!F3:F96,'Rekap by Type'!C30,'2026-07-04'!I3:I96)) | F30: =(SUMIF('2026-07-04'!F3:F96,'Rekap by Type'!C30,'2026-07-04'!J3:J96)) | G30: =ROUND(F30/1.11,0)
A31: MTI | B31: LAYANAN KESEHATAN | C31: RUMAH SAKIT | D31: =(SUMIF('2026-07-04'!F3:F96,'Rekap by Type'!C31,'2026-07-04'!L3:L96)) | E31: =(SUMIF('2026-07-04'!F3:F96,'Rekap by Type'!C31,'2026-07-04'!I3:I96)) | F31: =(SUMIF('2026-07-04'!F3:F96,'Rekap by Type'!C31,'2026-07-04'!J3:J96)) | G31: =ROUND(F31/1.11,0)
A32: MTI | B32: LAYANAN KESEHATAN | C32: TOKO OBAT | D32: =(SUMIF('2026-07-04'!F3:F96,'Rekap by Type'!C32,'2026-07-04'!L3:L96)) | E32: =(SUMIF('2026-07-04'!F3:F96,'Rekap by Type'!C32,'2026-07-04'!I3:I96)) | F32: =(SUMIF('2026-07-04'!F3:F96,'Rekap by Type'!C32,'2026-07-04'!J3:J96)) | G32: =ROUND(F32/1.11,0)
A33: WARUNG | B33: WARUNG | C33: GROSIR REGULER | D33: =(SUMIF('2026-07-04'!F3:F96,'Rekap by Type'!C33,'2026-07-04'!L3:L96)) | E33: =(SUMIF('2026-07-04'!F3:F96,'Rekap by Type'!C33,'2026-07-04'!I3:I96)) | F33: =(SUMIF('2026-07-04'!F3:F96,'Rekap by Type'!C33,'2026-07-04'!J3:J96)) | G33: =ROUND(F33/1.11,0)
A34: WARUNG | B34: WARUNG | C34: P&D | D34: =(SUMIF('2026-07-04'!F3:F96,'Rekap by Type'!C34,'2026-07-04'!L3:L96)) | E34: =(SUMIF('2026-07-04'!F3:F96,'Rekap by Type'!C34,'2026-07-04'!I3:I96)) | F34: =(SUMIF('2026-07-04'!F3:F96,'Rekap by Type'!C34,'2026-07-04'!J3:J96)) | G34: =ROUND(F34/1.11,0)
A35: WARUNG | B35: SMALL WARUNG | C35: WARUNG RE/NOO | D35: =(SUMIF('2026-07-04'!F3:F96,'Rekap by Type'!C35,'2026-07-04'!L3:L96)) | E35: =(SUMIF('2026-07-04'!F3:F96,'Rekap by Type'!C35,'2026-07-04'!I3:I96)) | F35: =(SUMIF('2026-07-04'!F3:F96,'Rekap by Type'!C35,'2026-07-04'!J3:J96)) | G35: =ROUND(F35/1.11,0)
A36: WARUNG | B36: SR-COMMUNITY | C36: SRC | D36: =(SUMIF('2026-07-04'!F3:F96,'Rekap by Type'!C36,'2026-07-04'!L3:L96)) | E36: =(SUMIF('2026-07-04'!F3:F96,'Rekap by Type'!C36,'2026-07-04'!I3:I96)) | F36: =(SUMIF('2026-07-04'!F3:F96,'Rekap by Type'!C36,'2026-07-04'!J3:J96)) | G36: =ROUND(F36/1.11,0)
A37: MR/MS ROTI HYBRID | B37: MR/MS ROTI HYBRID | C37: MR ROTI | D37: =(SUMIF('2026-07-04'!F3:F96,'Rekap by Type'!C37,'2026-07-04'!L3:L96)) | E37: =(SUMIF('2026-07-04'!F3:F96,'Rekap by Type'!C37,'2026-07-04'!I3:I96)) | F37: =(SUMIF('2026-07-04'!F3:F96,'Rekap by Type'!C37,'2026-07-04'!J3:J96)) | G37: =ROUND(F37/1.11,0)
A38: MR/MS ROTI HYBRID | B38: MR/MS ROTI HYBRID | C38: MRS ROTI | D38: =(SUMIF('2026-07-04'!F3:F96,'Rekap by Type'!C38,'2026-07-04'!L3:L96)) | E38: =(SUMIF('2026-07-04'!F3:F96,'Rekap by Type'!C38,'2026-07-04'!I3:I96)) | F38: =(SUMIF('2026-07-04'!F3:F96,'Rekap by Type'!C38,'2026-07-04'!J3:J96)) | G38: =ROUND(F38/1.11,0)
A39: MR/MS ROTI HYBRID | B39: MR/MS ROTI HYBRID | C39: SPIDER | D39: =(SUMIF('2026-07-04'!F3:F96,'Rekap by Type'!C39,'2026-07-04'!L3:L96)) | E39: =(SUMIF('2026-07-04'!F3:F96,'Rekap by Type'!C39,'2026-07-04'!I3:I96)) | F39: =(SUMIF('2026-07-04'!F3:F96,'Rekap by Type'!C39,'2026-07-04'!J3:J96)) | G39: =ROUND(F39/1.11,0)
A40: MTI | B40: MTI-NON PKP | C40: MTI RE/NOO (NONPKP) | D40: =(SUMIF('2026-07-04'!F3:F96,'Rekap by Type'!C40,'2026-07-04'!L3:L96)) | E40: =(SUMIF('2026-07-04'!F3:F96,'Rekap by Type'!C40,'2026-07-04'!I3:I96)) | F40: =(SUMIF('2026-07-04'!F3:F96,'Rekap by Type'!C40,'2026-07-04'!J3:J96)) | G40: =ROUND(F40/1.11,0)
A41: WARUNG | B41: SR-COMMUNITY | C41: HOME SERVICES | D41: =(SUMIF('2026-07-04'!F3:F96,'Rekap by Type'!C41,'2026-07-04'!L3:L96)) | E41: =(SUMIF('2026-07-04'!F3:F96,'Rekap by Type'!C41,'2026-07-04'!I3:I96)) | F41: =(SUMIF('2026-07-04'!F3:F96,'Rekap by Type'!C41,'2026-07-04'!J3:J96)) | G41: =ROUND(F41/1.11,0)
B42: HIMPAUDI | C42: BUNDA SARI ROTI | D42: =(SUMIF('2026-07-04'!F3:F96,'Rekap by Type'!C42,'2026-07-04'!L3:L96)) | E42: =(SUMIF('2026-07-04'!F3:F96,'Rekap by Type'!C42,'2026-07-04'!I3:I96)) | F42: =(SUMIF('2026-07-04'!F3:F96,'Rekap by Type'!C42,'2026-07-04'!J3:J96)) | G42: =ROUND(F42/1.11,0)
A43: e-Trade | B43: E-COMMERCE | C43: TANIHUB | D43: =(SUMIF('2026-07-04'!F3:F96,'Rekap by Type'!C43,'2026-07-04'!L3:L96)) | E43: =(SUMIF('2026-07-04'!F3:F96,'Rekap by Type'!C43,'2026-07-04'!I3:I96)) | F43: =(SUMIF('2026-07-04'!F3:F96,'Rekap by Type'!C43,'2026-07-04'!J3:J96)) | G43: =ROUND(F43/1.11,0)
A44: e-Trade | B44: E-COMMERCE | C44: SURPLUSID | D44: =(SUMIF('2026-07-04'!F3:F96,'Rekap by Type'!C44,'2026-07-04'!L3:L96)) | E44: =(SUMIF('2026-07-04'!F3:F96,'Rekap by Type'!C44,'2026-07-04'!I3:I96)) | F44: =(SUMIF('2026-07-04'!F3:F96,'Rekap by Type'!C44,'2026-07-04'!J3:J96)) | G44: =ROUND(F44/1.11,0)
A45: MR/MS ROTI HYBRID | B45: MR/MS ROTI HYBRID | C45: TOKO MARABUNTA | D45: =(SUMIF('2026-07-04'!F3:F96,'Rekap by Type'!C45,'2026-07-04'!L3:L96)) | E45: =(SUMIF('2026-07-04'!F3:F96,'Rekap by Type'!C45,'2026-07-04'!I3:I96)) | F45: =(SUMIF('2026-07-04'!F3:F96,'Rekap by Type'!C45,'2026-07-04'!J3:J96)) | G45: =ROUND(F45/1.11,0)
A46: e-Trade | B46: E-COMMERCE | C46: NIC E-TRADE | D46: =(SUMIF('2026-07-04'!F3:F96,'Rekap by Type'!C46,'2026-07-04'!L3:L96)) | E46: =(SUMIF('2026-07-04'!F3:F96,'Rekap by Type'!C46,'2026-07-04'!I3:I96)) | F46: =(SUMIF('2026-07-04'!F3:F96,'Rekap by Type'!C46,'2026-07-04'!J3:J96)) | G46: =ROUND(F46/1.11,0)
A47: COMMUNITY | B47: DN - AR | C47: Debit Noted BS (DN BS) | D47: =(SUMIF('2026-07-04'!F3:F96,'Rekap by Type'!C47,'2026-07-04'!L3:L96)) | E47: =(SUMIF('2026-07-04'!F3:F96,'Rekap by Type'!C47,'2026-07-04'!I3:I96)) | F47: =(SUMIF('2026-07-04'!F3:F96,'Rekap by Type'!C47,'2026-07-04'!J3:J96)) | G47: =ROUND(F47/1.11,0)
A48: WARUNG | B48: SMALL WARUNG | C48: WARUNG CASH | D48: =(SUMIF('2026-07-04'!F3:F96,'Rekap by Type'!C48,'2026-07-04'!L3:L96)) | E48: =(SUMIF('2026-07-04'!F3:F96,'Rekap by Type'!C48,'2026-07-04'!I3:I96)) | F48: =(SUMIF('2026-07-04'!F3:F96,'Rekap by Type'!C48,'2026-07-04'!J3:J96)) | G48: =ROUND(F48/1.11,0)
A49: MTI | B49: MTI | C49: MTI CASH | D49: =(SUMIF('2026-07-04'!F3:F96,'Rekap by Type'!C49,'2026-07-04'!L3:L96)) | E49: =(SUMIF('2026-07-04'!F3:F96,'Rekap by Type'!C49,'2026-07-04'!I3:I96)) | F49: =(SUMIF('2026-07-04'!F3:F96,'Rekap by Type'!C49,'2026-07-04'!J3:J96)) | G49: =ROUND(F49/1.11,0)
A50: WARUNG | B50: SMALL WARUNG | C50: WARUNG - A | D50: =(SUMIF('2026-07-04'!F3:F96,'Rekap by Type'!C50,'2026-07-04'!L3:L96)) | E50: =(SUMIF('2026-07-04'!F3:F96,'Rekap by Type'!C50,'2026-07-04'!I3:I96)) | F50: =(SUMIF('2026-07-04'!F3:F96,'Rekap by Type'!C50,'2026-07-04'!J3:J96)) | G50: =ROUND(F50/1.11,0)
A51: WARUNG | B51: SMALL WARUNG | C51: WARUNG - B | D51: =(SUMIF('2026-07-04'!F3:F96,'Rekap by Type'!C51,'2026-07-04'!L3:L96)) | E51: =(SUMIF('2026-07-04'!F3:F96,'Rekap by Type'!C51,'2026-07-04'!I3:I96)) | F51: =(SUMIF('2026-07-04'!F3:F96,'Rekap by Type'!C51,'2026-07-04'!J3:J96)) | G51: =ROUND(F51/1.11,0)
A52: WARUNG | B52: WARUNG | C52: WARUNG - C1 | D52: =(SUMIF('2026-07-04'!F3:F96,'Rekap by Type'!C52,'2026-07-04'!L3:L96)) | E52: =(SUMIF('2026-07-04'!F3:F96,'Rekap by Type'!C52,'2026-07-04'!I3:I96)) | F52: =(SUMIF('2026-07-04'!F3:F96,'Rekap by Type'!C52,'2026-07-04'!J3:J96)) | G52: =ROUND(F52/1.11,0)
A53: WARUNG | B53: SMALL WARUNG | C53: WARUNG - C2 | D53: =(SUMIF('2026-07-04'!F3:F96,'Rekap by Type'!C53,'2026-07-04'!L3:L96)) | E53: =(SUMIF('2026-07-04'!F3:F96,'Rekap by Type'!C53,'2026-07-04'!I3:I96)) | F53: =(SUMIF('2026-07-04'!F3:F96,'Rekap by Type'!C53,'2026-07-04'!J3:J96)) | G53: =ROUND(F53/1.11,0)
A54: WARUNG | B54: SMALL WARUNG | C54: WARUNG - D | D54: =(SUMIF('2026-07-04'!F3:F96,'Rekap by Type'!C54,'2026-07-04'!L3:L96)) | E54: =(SUMIF('2026-07-04'!F3:F96,'Rekap by Type'!C54,'2026-07-04'!I3:I96)) | F54: =(SUMIF('2026-07-04'!F3:F96,'Rekap by Type'!C54,'2026-07-04'!J3:J96)) | G54: =ROUND(F54/1.11,0)
A55: MTI | B55: MTI | C55: MTI - A | D55: =(SUMIF('2026-07-04'!F3:F96,'Rekap by Type'!C55,'2026-07-04'!L3:L96)) | E55: =(SUMIF('2026-07-04'!F3:F96,'Rekap by Type'!C55,'2026-07-04'!I3:I96)) | F55: =(SUMIF('2026-07-04'!F3:F96,'Rekap by Type'!C55,'2026-07-04'!J3:J96)) | G55: =ROUND(F55/1.11,0)
A56: MTI | B56: MTI | C56: MTI - B | D56: =(SUMIF('2026-07-04'!F3:F96,'Rekap by Type'!C56,'2026-07-04'!L3:L96)) | E56: =(SUMIF('2026-07-04'!F3:F96,'Rekap by Type'!C56,'2026-07-04'!I3:I96)) | F56: =(SUMIF('2026-07-04'!F3:F96,'Rekap by Type'!C56,'2026-07-04'!J3:J96)) | G56: =ROUND(F56/1.11,0)
A57: MTI | B57: MTI | C57: MTI - C1 | D57: =(SUMIF('2026-07-04'!F3:F96,'Rekap by Type'!C57,'2026-07-04'!L3:L96)) | E57: =(SUMIF('2026-07-04'!F3:F96,'Rekap by Type'!C57,'2026-07-04'!I3:I96)) | F57: =(SUMIF('2026-07-04'!F3:F96,'Rekap by Type'!C57,'2026-07-04'!J3:J96)) | G57: =ROUND(F57/1.11,0)
A58: MTI | B58: MTI | C58: MTI - C2 | D58: =(SUMIF('2026-07-04'!F3:F96,'Rekap by Type'!C58,'2026-07-04'!L3:L96)) | E58: =(SUMIF('2026-07-04'!F3:F96,'Rekap by Type'!C58,'2026-07-04'!I3:I96)) | F58: =(SUMIF('2026-07-04'!F3:F96,'Rekap by Type'!C58,'2026-07-04'!J3:J96)) | G58: =ROUND(F58/1.11,0)
A59: MTI | B59: MTI | C59: MTI - D | D59: =(SUMIF('2026-07-04'!F3:F96,'Rekap by Type'!C59,'2026-07-04'!L3:L96)) | E59: =(SUMIF('2026-07-04'!F3:F96,'Rekap by Type'!C59,'2026-07-04'!I3:I96)) | F59: =(SUMIF('2026-07-04'!F3:F96,'Rekap by Type'!C59,'2026-07-04'!J3:J96)) | G59: =ROUND(F59/1.11,0)
A60: e-Trade | B60: E-COMMERCE | C60: GRABMART | D60: =(SUMIF('2026-07-04'!F3:F96,'Rekap by Type'!C60,'2026-07-04'!L3:L96)) | E60: =(SUMIF('2026-07-04'!F3:F96,'Rekap by Type'!C60,'2026-07-04'!I3:I96)) | F60: =(SUMIF('2026-07-04'!F3:F96,'Rekap by Type'!C60,'2026-07-04'!J3:J96)) | G60: =ROUND(F60/1.11,0)
B61: SUB-DISTR | C61: Mitra Distributor | D61: =(SUMIF('2026-07-04'!F3:F96,'Rekap by Type'!C61,'2026-07-04'!L3:L96)) | E61: =(SUMIF('2026-07-04'!F3:F96,'Rekap by Type'!C61,'2026-07-04'!I3:I96)) | F61: =(SUMIF('2026-07-04'!F3:F96,'Rekap by Type'!C61,'2026-07-04'!J3:J96)) | G61: =ROUND(F61/1.11,0)
A62: SEKOLAH | B62: SEKOLAH | C62: STUDENT | D62: =(SUMIF('2026-07-04'!F3:F96,'Rekap by Type'!C62,'2026-07-04'!L3:L96)) | E62: =(SUMIF('2026-07-04'!F3:F96,'Rekap by Type'!C62,'2026-07-04'!I3:I96)) | F62: =(SUMIF('2026-07-04'!F3:F96,'Rekap by Type'!C62,'2026-07-04'!J3:J96)) | G62: =ROUND(F62/1.11,0)
A63: SEKOLAH | B63: SEKOLAH | C63: LEMBAGA PENDIDIKAN | D63: =(SUMIF('2026-07-04'!F3:F96,'Rekap by Type'!C63,'2026-07-04'!L3:L96)) | E63: =(SUMIF('2026-07-04'!F3:F96,'Rekap by Type'!C63,'2026-07-04'!I3:I96)) | F63: =(SUMIF('2026-07-04'!F3:F96,'Rekap by Type'!C63,'2026-07-04'!J3:J96)) | G63: =ROUND(F63/1.11,0)
A64: SEKOLAH | B64: SEKOLAH | C64: UNIVERSITY | D64: =(SUMIF('2026-07-04'!F3:F96,'Rekap by Type'!C64,'2026-07-04'!L3:L96)) | E64: =(SUMIF('2026-07-04'!F3:F96,'Rekap by Type'!C64,'2026-07-04'!I3:I96)) | F64: =(SUMIF('2026-07-04'!F3:F96,'Rekap by Type'!C64,'2026-07-04'!J3:J96)) | G64: =ROUND(F64/1.11,0)
A65: SEKOLAH | B65: SEKOLAH | C65: PESANTREN | D65: =(SUMIF('2026-07-04'!F3:F96,'Rekap by Type'!C65,'2026-07-04'!L3:L96)) | E65: =(SUMIF('2026-07-04'!F3:F96,'Rekap by Type'!C65,'2026-07-04'!I3:I96)) | F65: =(SUMIF('2026-07-04'!F3:F96,'Rekap by Type'!C65,'2026-07-04'!J3:J96)) | G65: =ROUND(F65/1.11,0)
A66: WARUNG | B66: SR-COMMUNITY | C66: IIC | D66: =(SUMIF('2026-07-04'!F3:F96,'Rekap by Type'!C66,'2026-07-04'!L3:L96)) | E66: =(SUMIF('2026-07-04'!F3:F96,'Rekap by Type'!C66,'2026-07-04'!I3:I96)) | F66: =(SUMIF('2026-07-04'!F3:F96,'Rekap by Type'!C66,'2026-07-04'!J3:J96)) | G66: =ROUND(F66/1.11,0)
A67: WARUNG | B67: SR-COMMUNITY | C67: CHANNEL STRATEGIC | D67: =(SUMIF('2026-07-04'!F3:F96,'Rekap by Type'!C67,'2026-07-04'!L3:L96)) | E67: =(SUMIF('2026-07-04'!F3:F96,'Rekap by Type'!C67,'2026-07-04'!I3:I96)) | F67: =(SUMIF('2026-07-04'!F3:F96,'Rekap by Type'!C67,'2026-07-04'!J3:J96)) | G67: =ROUND(F67/1.11,0)
A68: PRIVATE LABEL | B68: Sari Choco Sub-Dist | C68: SARI CHOCO MILK MITRA DISTRIBUTOR | D68: =(SUMIF('2026-07-04'!F3:F96,'Rekap by Type'!C68,'2026-07-04'!L3:L96)) | E68: =(SUMIF('2026-07-04'!F3:F96,'Rekap by Type'!C68,'2026-07-04'!I3:I96)) | F68: =(SUMIF('2026-07-04'!F3:F96,'Rekap by Type'!C68,'2026-07-04'!J3:J96)) | G68: =ROUND(F68/1.11,0)
A69: MTI | B69: LAYANAN KESEHATAN | C69: KIMIA FARMA | D69: =(SUMIF('2026-07-04'!F3:F96,'Rekap by Type'!C69,'2026-07-04'!L3:L96)) | E69: =(SUMIF('2026-07-04'!F3:F96,'Rekap by Type'!C69,'2026-07-04'!I3:I96)) | F69: =(SUMIF('2026-07-04'!F3:F96,'Rekap by Type'!C69,'2026-07-04'!J3:J96)) | G69: =ROUND(F69/1.11,0)
A70: INDOSARI FOOD SOLUTIONS | B70: BAKERY | C70: BAKERY INTERNATIONAL CHAIN(IFS) | D70: =(SUMIF('2026-07-04'!F3:F96,'Rekap by Type'!C70,'2026-07-04'!L3:L96)) | E70: =(SUMIF('2026-07-04'!F3:F96,'Rekap by Type'!C70,'2026-07-04'!I3:I96)) | F70: =(SUMIF('2026-07-04'!F3:F96,'Rekap by Type'!C70,'2026-07-04'!J3:J96)) | G70: =ROUND(F70/1.11,0)
A71: INDOSARI FOOD SOLUTIONS | B71: BAKERY | C71: BAKERY LOCAL(IFS) | D71: =(SUMIF('2026-07-04'!F3:F96,'Rekap by Type'!C71,'2026-07-04'!L3:L96)) | E71: =(SUMIF('2026-07-04'!F3:F96,'Rekap by Type'!C71,'2026-07-04'!I3:I96)) | F71: =(SUMIF('2026-07-04'!F3:F96,'Rekap by Type'!C71,'2026-07-04'!J3:J96)) | G71: =ROUND(F71/1.11,0)
A72: INDOSARI FOOD SOLUTIONS | B72: BAKERY | C72: BAKERY LOCAL CHAIN(IFS) | D72: =(SUMIF('2026-07-04'!F3:F96,'Rekap by Type'!C72,'2026-07-04'!L3:L96)) | E72: =(SUMIF('2026-07-04'!F3:F96,'Rekap by Type'!C72,'2026-07-04'!I3:I96)) | F72: =(SUMIF('2026-07-04'!F3:F96,'Rekap by Type'!C72,'2026-07-04'!J3:J96)) | G72: =ROUND(F72/1.11,0)
A73: INDOSARI FOOD SOLUTIONS | B73: BAKERY | C73: BAKERY MODERN TRADE (MT)(IFS) | D73: =(SUMIF('2026-07-04'!F3:F96,'Rekap by Type'!C73,'2026-07-04'!L3:L96)) | E73: =(SUMIF('2026-07-04'!F3:F96,'Rekap by Type'!C73,'2026-07-04'!I3:I96)) | F73: =(SUMIF('2026-07-04'!F3:F96,'Rekap by Type'!C73,'2026-07-04'!J3:J96)) | G73: =ROUND(F73/1.11,0)
A74: INDOSARI FOOD SOLUTIONS | B74: CATERING | C74: AIRPORT LOUNGE(IFS) | D74: =(SUMIF('2026-07-04'!F3:F96,'Rekap by Type'!C74,'2026-07-04'!L3:L96)) | E74: =(SUMIF('2026-07-04'!F3:F96,'Rekap by Type'!C74,'2026-07-04'!I3:I96)) | F74: =(SUMIF('2026-07-04'!F3:F96,'Rekap by Type'!C74,'2026-07-04'!J3:J96)) | G74: =ROUND(F74/1.11,0)
A75: INDOSARI FOOD SOLUTIONS | B75: CATERING | C75: CATERING(IFS) | D75: =(SUMIF('2026-07-04'!F3:F96,'Rekap by Type'!C75,'2026-07-04'!L3:L96)) | E75: =(SUMIF('2026-07-04'!F3:F96,'Rekap by Type'!C75,'2026-07-04'!I3:I96)) | F75: =(SUMIF('2026-07-04'!F3:F96,'Rekap by Type'!C75,'2026-07-04'!J3:J96)) | G75: =ROUND(F75/1.11,0)
A76: INDOSARI FOOD SOLUTIONS | B76: CATERING | C76: FUNCTION HALL(IFS) | D76: =(SUMIF('2026-07-04'!F3:F96,'Rekap by Type'!C76,'2026-07-04'!L3:L96)) | E76: =(SUMIF('2026-07-04'!F3:F96,'Rekap by Type'!C76,'2026-07-04'!I3:I96)) | F76: =(SUMIF('2026-07-04'!F3:F96,'Rekap by Type'!C76,'2026-07-04'!J3:J96)) | G76: =ROUND(F76/1.11,0)
A77: INDOSARI FOOD SOLUTIONS | B77: DIPPING COUNTER | C77: COUNTER F & B(IFS) | D77: =(SUMIF('2026-07-04'!F3:F96,'Rekap by Type'!C77,'2026-07-04'!L3:L96)) | E77: =(SUMIF('2026-07-04'!F3:F96,'Rekap by Type'!C77,'2026-07-04'!I3:I96)) | F77: =(SUMIF('2026-07-04'!F3:F96,'Rekap by Type'!C77,'2026-07-04'!J3:J96)) | G77: =ROUND(F77/1.11,0)
A78: INDOSARI FOOD SOLUTIONS | B78: DIPPING COUNTER | C78: MOBILE F&B(IFS) | D78: =(SUMIF('2026-07-04'!F3:F96,'Rekap by Type'!C78,'2026-07-04'!L3:L96)) | E78: =(SUMIF('2026-07-04'!F3:F96,'Rekap by Type'!C78,'2026-07-04'!I3:I96)) | F78: =(SUMIF('2026-07-04'!F3:F96,'Rekap by Type'!C78,'2026-07-04'!J3:J96)) | G78: =ROUND(F78/1.11,0)
A79: INDOSARI FOOD SOLUTIONS | B79: FAST FOOD | C79: FAST FOOD INTERNATIONAL CHAIN(IFS) | D79: =(SUMIF('2026-07-04'!F3:F96,'Rekap by Type'!C79,'2026-07-04'!L3:L96)) | E79: =(SUMIF('2026-07-04'!F3:F96,'Rekap by Type'!C79,'2026-07-04'!I3:I96)) | F79: =(SUMIF('2026-07-04'!F3:F96,'Rekap by Type'!C79,'2026-07-04'!J3:J96)) | G79: =ROUND(F79/1.11,0)
A80: INDOSARI FOOD SOLUTIONS | B80: FAST FOOD | C80: FAST FOOD LOCAL CHAIN(IFS) | D80: =(SUMIF('2026-07-04'!F3:F96,'Rekap by Type'!C80,'2026-07-04'!L3:L96)) | E80: =(SUMIF('2026-07-04'!F3:F96,'Rekap by Type'!C80,'2026-07-04'!I3:I96)) | F80: =(SUMIF('2026-07-04'!F3:F96,'Rekap by Type'!C80,'2026-07-04'!J3:J96)) | G80: =ROUND(F80/1.11,0)
A81: INDOSARI FOOD SOLUTIONS | B81: HOTEL | C81: APARTMENT WITH HOTEL FACILITY(IFS) | D81: =(SUMIF('2026-07-04'!F3:F96,'Rekap by Type'!C81,'2026-07-04'!L3:L96)) | E81: =(SUMIF('2026-07-04'!F3:F96,'Rekap by Type'!C81,'2026-07-04'!I3:I96)) | F81: =(SUMIF('2026-07-04'!F3:F96,'Rekap by Type'!C81,'2026-07-04'!J3:J96)) | G81: =ROUND(F81/1.11,0)
A82: INDOSARI FOOD SOLUTIONS | B82: HOTEL | C82: CRUISE SHIP(IFS) | D82: =(SUMIF('2026-07-04'!F3:F96,'Rekap by Type'!C82,'2026-07-04'!L3:L96)) | E82: =(SUMIF('2026-07-04'!F3:F96,'Rekap by Type'!C82,'2026-07-04'!I3:I96)) | F82: =(SUMIF('2026-07-04'!F3:F96,'Rekap by Type'!C82,'2026-07-04'!J3:J96)) | G82: =ROUND(F82/1.11,0)
A83: INDOSARI FOOD SOLUTIONS | B83: HOTEL | C83: HOTEL BINTANG 3 KE BAWAH(IFS) | D83: =(SUMIF('2026-07-04'!F3:F96,'Rekap by Type'!C83,'2026-07-04'!L3:L96)) | E83: =(SUMIF('2026-07-04'!F3:F96,'Rekap by Type'!C83,'2026-07-04'!I3:I96)) | F83: =(SUMIF('2026-07-04'!F3:F96,'Rekap by Type'!C83,'2026-07-04'!J3:J96)) | G83: =ROUND(F83/1.11,0)
A84: INDOSARI FOOD SOLUTIONS | B84: HOTEL | C84: HOTEL BINTANG 4 KE ATAS(IFS) | D84: =(SUMIF('2026-07-04'!F3:F96,'Rekap by Type'!C84,'2026-07-04'!L3:L96)) | E84: =(SUMIF('2026-07-04'!F3:F96,'Rekap by Type'!C84,'2026-07-04'!I3:I96)) | F84: =(SUMIF('2026-07-04'!F3:F96,'Rekap by Type'!C84,'2026-07-04'!J3:J96)) | G84: =ROUND(F84/1.11,0)
A85: INDOSARI FOOD SOLUTIONS | B85: INSTITUTION | C85: COOKING & BAKING COURSE(IFS) | D85: =(SUMIF('2026-07-04'!F3:F96,'Rekap by Type'!C85,'2026-07-04'!L3:L96)) | E85: =(SUMIF('2026-07-04'!F3:F96,'Rekap by Type'!C85,'2026-07-04'!I3:I96)) | F85: =(SUMIF('2026-07-04'!F3:F96,'Rekap by Type'!C85,'2026-07-04'!J3:J96)) | G85: =ROUND(F85/1.11,0)
A86: INDOSARI FOOD SOLUTIONS | B86: INSTITUTION | C86: CULINARY SCHOOL(IFS) | D86: =(SUMIF('2026-07-04'!F3:F96,'Rekap by Type'!C86,'2026-07-04'!L3:L96)) | E86: =(SUMIF('2026-07-04'!F3:F96,'Rekap by Type'!C86,'2026-07-04'!I3:I96)) | F86: =(SUMIF('2026-07-04'!F3:F96,'Rekap by Type'!C86,'2026-07-04'!J3:J96)) | G86: =ROUND(F86/1.11,0)
A87: INDOSARI FOOD SOLUTIONS | B87: INSTITUTION | C87: EMBASSY(IFS) | D87: =(SUMIF('2026-07-04'!F3:F96,'Rekap by Type'!C87,'2026-07-04'!L3:L96)) | E87: =(SUMIF('2026-07-04'!F3:F96,'Rekap by Type'!C87,'2026-07-04'!I3:I96)) | F87: =(SUMIF('2026-07-04'!F3:F96,'Rekap by Type'!C87,'2026-07-04'!J3:J96)) | G87: =ROUND(F87/1.11,0)
A88: INDOSARI FOOD SOLUTIONS | B88: INSTITUTION | C88: OFFICE(IFS) | D88: =(SUMIF('2026-07-04'!F3:F96,'Rekap by Type'!C88,'2026-07-04'!L3:L96)) | E88: =(SUMIF('2026-07-04'!F3:F96,'Rekap by Type'!C88,'2026-07-04'!I3:I96)) | F88: =(SUMIF('2026-07-04'!F3:F96,'Rekap by Type'!C88,'2026-07-04'!J3:J96)) | G88: =ROUND(F88/1.11,0)
A89: INDOSARI FOOD SOLUTIONS | B89: INSTITUTION | C89: RUMAH SAKIT / KLINIK(IFS) | D89: =(SUMIF('2026-07-04'!F3:F96,'Rekap by Type'!C89,'2026-07-04'!L3:L96)) | E89: =(SUMIF('2026-07-04'!F3:F96,'Rekap by Type'!C89,'2026-07-04'!I3:I96)) | F89: =(SUMIF('2026-07-04'!F3:F96,'Rekap by Type'!C89,'2026-07-04'!J3:J96)) | G89: =ROUND(F89/1.11,0)
A90: INDOSARI FOOD SOLUTIONS | B90: RESTAURANT | C90: BAR/PUB/DISKOTIK&LOUNGE(IFS) | D90: =(SUMIF('2026-07-04'!F3:F96,'Rekap by Type'!C90,'2026-07-04'!L3:L96)) | E90: =(SUMIF('2026-07-04'!F3:F96,'Rekap by Type'!C90,'2026-07-04'!I3:I96)) | F90: =(SUMIF('2026-07-04'!F3:F96,'Rekap by Type'!C90,'2026-07-04'!J3:J96)) | G90: =ROUND(F90/1.11,0)
A91: INDOSARI FOOD SOLUTIONS | B91: RESTAURANT | C91: BIOSKOP(IFS) | D91: =(SUMIF('2026-07-04'!F3:F96,'Rekap by Type'!C91,'2026-07-04'!L3:L96)) | E91: =(SUMIF('2026-07-04'!F3:F96,'Rekap by Type'!C91,'2026-07-04'!I3:I96)) | F91: =(SUMIF('2026-07-04'!F3:F96,'Rekap by Type'!C91,'2026-07-04'!J3:J96)) | G91: =ROUND(F91/1.11,0)
A92: INDOSARI FOOD SOLUTIONS | B92: RESTAURANT | C92: CAFE(IFS) | D92: =(SUMIF('2026-07-04'!F3:F96,'Rekap by Type'!C92,'2026-07-04'!L3:L96)) | E92: =(SUMIF('2026-07-04'!F3:F96,'Rekap by Type'!C92,'2026-07-04'!I3:I96)) | F92: =(SUMIF('2026-07-04'!F3:F96,'Rekap by Type'!C92,'2026-07-04'!J3:J96)) | G92: =ROUND(F92/1.11,0)
A93: INDOSARI FOOD SOLUTIONS | B93: RESTAURANT | C93: CANTEEN(IFS) | D93: =(SUMIF('2026-07-04'!F3:F96,'Rekap by Type'!C93,'2026-07-04'!L3:L96)) | E93: =(SUMIF('2026-07-04'!F3:F96,'Rekap by Type'!C93,'2026-07-04'!I3:I96)) | F93: =(SUMIF('2026-07-04'!F3:F96,'Rekap by Type'!C93,'2026-07-04'!J3:J96)) | G93: =ROUND(F93/1.11,0)
A94: INDOSARI FOOD SOLUTIONS | B94: RESTAURANT | C94: COFFEE SHOP/KOPI TIAM(IFS) | D94: =(SUMIF('2026-07-04'!F3:F96,'Rekap by Type'!C94,'2026-07-04'!L3:L96)) | E94: =(SUMIF('2026-07-04'!F3:F96,'Rekap by Type'!C94,'2026-07-04'!I3:I96)) | F94: =(SUMIF('2026-07-04'!F3:F96,'Rekap by Type'!C94,'2026-07-04'!J3:J96)) | G94: =ROUND(F94/1.11,0)
A95: INDOSARI FOOD SOLUTIONS | B95: RESTAURANT | C95: GOLF CLUB / DRIVING RANGE(IFS) | D95: =(SUMIF('2026-07-04'!F3:F96,'Rekap by Type'!C95,'2026-07-04'!L3:L96)) | E95: =(SUMIF('2026-07-04'!F3:F96,'Rekap by Type'!C95,'2026-07-04'!I3:I96)) | F95: =(SUMIF('2026-07-04'!F3:F96,'Rekap by Type'!C95,'2026-07-04'!J3:J96)) | G95: =ROUND(F95/1.11,0)
A96: INDOSARI FOOD SOLUTIONS | B96: RESTAURANT | C96: KAPAL PELAYARAN(IFS) | D96: =(SUMIF('2026-07-04'!F3:F96,'Rekap by Type'!C96,'2026-07-04'!L3:L96)) | E96: =(SUMIF('2026-07-04'!F3:F96,'Rekap by Type'!C96,'2026-07-04'!I3:I96)) | F96: =(SUMIF('2026-07-04'!F3:F96,'Rekap by Type'!C96,'2026-07-04'!J3:J96)) | G96: =ROUND(F96/1.11,0)
A97: INDOSARI FOOD SOLUTIONS | B97: RESTAURANT | C97: KARAOKE(IFS) | D97: =(SUMIF('2026-07-04'!F3:F96,'Rekap by Type'!C97,'2026-07-04'!L3:L96)) | E97: =(SUMIF('2026-07-04'!F3:F96,'Rekap by Type'!C97,'2026-07-04'!I3:I96)) | F97: =(SUMIF('2026-07-04'!F3:F96,'Rekap by Type'!C97,'2026-07-04'!J3:J96)) | G97: =ROUND(F97/1.11,0)
A98: INDOSARI FOOD SOLUTIONS | B98: RESTAURANT | C98: LOUNGE(IFS) | D98: =(SUMIF('2026-07-04'!F3:F96,'Rekap by Type'!C98,'2026-07-04'!L3:L96)) | E98: =(SUMIF('2026-07-04'!F3:F96,'Rekap by Type'!C98,'2026-07-04'!I3:I96)) | F98: =(SUMIF('2026-07-04'!F3:F96,'Rekap by Type'!C98,'2026-07-04'!J3:J96)) | G98: =ROUND(F98/1.11,0)
A99: INDOSARI FOOD SOLUTIONS | B99: RESTAURANT | C99: RESTAURANT CHINESE/ORIENTAL(IFS) | D99: =(SUMIF('2026-07-04'!F3:F96,'Rekap by Type'!C99,'2026-07-04'!L3:L96)) | E99: =(SUMIF('2026-07-04'!F3:F96,'Rekap by Type'!C99,'2026-07-04'!I3:I96)) | F99: =(SUMIF('2026-07-04'!F3:F96,'Rekap by Type'!C99,'2026-07-04'!J3:J96)) | G99: =ROUND(F99/1.11,0)
A100: INDOSARI FOOD SOLUTIONS | B100: RESTAURANT | C100: RESTAURANT INDONESIAN/INDIAN(IFS) | D100: =(SUMIF('2026-07-04'!F3:F96,'Rekap by Type'!C100,'2026-07-04'!L3:L96)) | E100: =(SUMIF('2026-07-04'!F3:F96,'Rekap by Type'!C100,'2026-07-04'!I3:I96)) | F100: =(SUMIF('2026-07-04'!F3:F96,'Rekap by Type'!C100,'2026-07-04'!J3:J96)) | G100: =ROUND(F100/1.11,0)
A101: INDOSARI FOOD SOLUTIONS | B101: RESTAURANT | C101: RESTAURANT JAPANESE/KOREAN(IFS) | D101: =(SUMIF('2026-07-04'!F3:F96,'Rekap by Type'!C101,'2026-07-04'!L3:L96)) | E101: =(SUMIF('2026-07-04'!F3:F96,'Rekap by Type'!C101,'2026-07-04'!I3:I96)) | F101: =(SUMIF('2026-07-04'!F3:F96,'Rekap by Type'!C101,'2026-07-04'!J3:J96)) | G101: =ROUND(F101/1.11,0)
...
